,StockRow,Stock#,intercept,slope,standard_error,t_stat_car,car_value,eve_win_size
0,0,0,0.001828299861523152,1.3848279029997006,0.02794553065435834,-0.43041857499591935,-0.06726373005936698,21
0,1,3,0.0021936553079078803,1.4381485790531645,0.02687740183148477,-0.4113937546879599,-0.06314026169337206,21
0,2,6,0.0018609631134331804,1.3285412708612971,0.027072296849470788,-0.8262263416054192,-0.09111280237395837,21
0,3,9,0.0013972604968549396,1.0066709642441753,0.026608639752192687,2.0281860722758145,0.29244751585494017,21
0,4,12,0.0025577723540537497,0.7534423477268464,0.023882310134015733,-0.41779718751386996,-0.04694284482334571,21
0,5,15,0.0010154107591052153,0.9623106024845399,0.020116850490133988,1.1169505156733477,0.07993086500850233,21
0,6,18,0.0011863630914589439,0.6817598446582036,0.02072707086632746,0.2086815446336533,0.018494269670750164,21
0,7,21,0.0006601645318397283,0.42009091765074613,0.017123818624313072,-0.1395983538679682,-0.0185547201787594,21
0,8,24,0.0016879004791386795,0.12238198965337235,0.022541008501371584,-0.7251711491343796,-0.061277960598505106,21
0,14,42,0.0013436066882351594,0.7674002692329922,0.014525236670834834,0.24805329274379034,0.0448242685573961,21
0,15,45,0.0009478944225099282,0.7186611884776423,0.01426004846588617,-0.14435488841123845,-0.011133267015988187,21
0,16,48,0.001215547359571975,0.6853847344265619,0.015097106518542892,1.0442510523486497,0.07972154712086559,21
0,17,51,0.0007525644264141332,0.7651321222099087,0.016812157511767404,0.9284706841957304,0.0629577030884146,21
0,18,54,0.0005805144256547281,0.8149285424359803,0.01816532562786238,0.19429975168767083,0.019060167332467154,21
0,19,57,0.0016907237647570857,0.5189798129467613,0.014293467815919954,-0.2067465716080674,-0.014249638036251372,21
0,20,60,0.0015753110462796006,0.5097833249409975,0.014208039020320015,1.2419499262907943,0.08277930109447108,21
0,21,63,0.0016973745570069843,0.6550769609957092,0.018001749714305702,-0.48351089704718797,-0.04325576133294903,21
0,22,66,0.0007870661777400821,0.57167206704694,0.01810459778354117,0.9299823923836029,0.06446539548606432,21
0,23,69,0.0011229955670583741,0.5583730450532666,0.0189227792495186,-0.9074774160760838,-0.04283841886681302,21
0,24,72,0.0009618694908714749,0.250685832752389,0.018094998732208205,0.9606937816001977,0.06016887953442427,21
0,25,75,0.0007497673487639496,0.23389991245024302,0.01830951125822269,0.03370246465950135,0.0019428134945137544,21
0,26,78,0.0010633887735270703,0.1965955274288022,0.017943179318410073,-2.136117810957607,-0.12599475551864908,21
0,27,81,0.00104955014680705,0.172495114965037,0.017981577517916708,-1.3555173425164497,-0.08359625176412172,21
0,28,84,0.0005150531440648191,0.2856296119227668,0.017884078360503063,0.22656718150598706,0.021412659701253153,21
0,29,87,0.0005150531440648191,0.2856296119227668,0.017884078360503063,0.22656718150598706,0.021412659701253153,21
0,30,90,0.001642745180753317,0.2325263753224006,0.01808306074872537,-0.9616824303762428,-0.09427386015443265,21
0,31,93,6.55755616082792e-06,0.40594758682346965,0.01867937953700328,0.04532776125663398,0.003183501720147891,21
0,32,96,0.00042386049301472147,0.4872696798714593,0.020677520637909966,0.7385117175908859,0.0570589072015883,21
0,33,99,0.00038071198365715046,0.46605342150097867,0.02043231241869592,-0.3856283753687111,-0.04231318379052229,21
0,34,102,0.0008134816413096535,0.6622198434640654,0.020153371300514544,-0.11167656443665241,-0.01570024444911626,21
0,35,105,0.0003914095971981192,0.5706434028313402,0.016897961119906033,0.6328475781759716,0.07068062344418952,21
0,36,108,-0.0005291703045964633,0.4541855685298468,0.017100259302855733,2.162310621924093,0.10551826622223998,21
0,37,111,-0.0003559169755957659,0.4589491868156017,0.017170256361338603,0.2363080892964519,0.011557127492629079,21
0,38,114,0.0005070027892256744,0.35508386411848847,0.01660000924696463,1.105991072094664,0.05672958885325767,21
0,39,117,0.0007314578348462497,0.18550386323945012,0.01757999999792302,-0.36672729127036113,-0.0367177760758014,21
0,40,120,0.0001013893212747682,0.5557867306764568,0.020327391900403172,-0.4815728747732423,-0.0496863084405703,21
0,41,123,0.0005814276139162453,0.6179863558454635,0.02053112426761196,0.2043061267903603,0.011853980577297545,21
0,42,126,-0.00020883286209825975,1.362351361128829,0.017855062676630225,1.4407801891568233,0.13423946391927685,21
0,43,129,0.0012618946997227866,1.1117650609599354,0.018832068021286338,-1.1593902539406278,-0.12726535408037254,21
0,44,132,0.0009306075760817125,1.113528269817171,0.02070228868266393,-0.5711944982174876,-0.056176821308669335,21
0,45,135,0.0012041346805410345,1.095753377566377,0.020020358999444734,-0.07805319371421696,-0.009085148715295685,21
0,46,138,0.0015623134490153553,1.0634948472559538,0.019884573484741753,0.8295137738306465,0.05557881456388275,21
0,47,141,0.0002435904061613627,1.2064171548351197,0.013675133269648476,1.119805034244924,0.07813497117014345,21
0,48,144,0.0001587096311858121,1.203632534669444,0.014124825629412663,-0.6145665869675876,-0.05584346586094928,21
0,49,147,0.0006255653313236814,0.7712919049293365,0.016918881645684336,0.533369556006873,0.044175235632481075,21
0,50,150,0.0007269396666964362,0.4639866875567349,0.017243644336089495,0.5659908330600468,0.04491165974464288,21
0,51,153,0.0008455216807258358,0.4079705093164349,0.01739685689648245,0.6489188256003202,0.04255064993056961,21
0,52,156,0.00011592700027879548,0.4009553013542752,0.017865217519663436,0.9619418714127058,0.10413941179775257,21
0,53,159,0.00038973751126910407,0.4008968287596913,0.019078292925771886,0.33576147342182666,0.018699335022814463,21
0,54,162,0.00045379235998249396,0.37666871482517816,0.01949258125568638,-0.26892819925663725,-0.018073088685337663,21
0,55,165,0.0006685888319403136,0.5882129991653696,0.016946905222995433,-1.901717212644999,-0.1890869665023588,21
0,56,168,0.00021296716141585643,0.5715750723104798,0.01603189541640125,1.0667778809593893,0.08971441733651862,21
0,57,171,0.0008770994605119958,0.6555013753059076,0.016350710082408345,-1.056637077570614,-0.10813800741380253,21
0,58,174,-0.00030500649445923774,0.614706570780384,0.018531530285797456,0.8288473568178972,0.061308086064379264,21
0,59,177,6.21125576396633e-05,0.6430673939037285,0.0190305220035396,0.5301803697973917,0.02562997471849997,21
0,60,180,0.0007438017617199793,0.5077805194774055,0.017014196814316332,1.2766403295822706,0.11977972857264596,21
0,61,183,0.0021154466877233978,0.279016501182627,0.015504707320432815,-0.8614436845545873,-0.05119070483420045,21
0,62,186,0.0013881017012413598,0.22756530911572548,0.014915821292831461,0.3841742030557386,0.024476253872380956,21
0,63,189,0.0007223567401989657,0.4413766834176537,0.01343125187704223,-0.47295172131938984,-0.0216573973983126,21
0,64,192,0.0005811889728011425,0.4225064278904639,0.01330096680080007,0.41631726951677367,0.028015008148827982,21
0,65,195,0.0007071837892242666,0.4177302087784227,0.014565618980681516,0.5551901630273103,0.02504952920405448,21
0,66,198,0.00046147187457300774,0.4210282917784224,0.0147437645530284,1.003235888805894,0.04516357300456582,21
0,67,201,0.0007964817788519962,0.5495230074474051,0.015125278926747924,-0.5921589976743997,-0.04385793049646937,21
0,68,204,0.0008379973742076091,0.5762268517511715,0.015746744706869254,-0.01647940153956006,-0.00107773071979431,21
0,69,207,0.0004894584763915047,0.5991336812363173,0.017006666429314088,-0.13814747498794586,-0.009234245756832496,21
0,70,210,6.151698450927877e-05,0.6442375645491589,0.017629696326442096,-1.3716683638802303,-0.07399471703830264,21
0,71,213,-0.00013431738723192075,0.6847244396042397,0.017608497397232515,0.14106907999566057,0.009097534874004224,21
0,72,216,-0.0001032906413068105,0.6571336340810503,0.01719221423145829,-0.07508378672844097,-0.007794978211340842,21
0,73,219,0.0005620748635144756,0.5491774429423993,0.015126372638720628,-0.2872328264470748,-0.039915743991485494,21
0,74,222,0.0015942612102757972,0.2906398675169022,0.016360331933792324,-2.7459285658875223,-0.147080070154178,21
0,75,225,0.0016248648120396698,0.4820618913374923,0.016682457368317843,-0.8997641503809711,-0.058040841015721184,21
0,76,228,0.0014647967130299539,0.47099066099858283,0.016317472360511558,0.3397304446887208,0.029646376964307802,21
0,77,231,0.0017428092500069445,0.4269605634225439,0.01644619342963352,-1.2182971349733498,-0.08845801963354344,21
0,78,234,9.176311527438056e-05,0.17866022803246315,0.010323883965153716,0.48645256156650446,0.01043409523893372,21
0,79,237,-0.0006235273766463441,0.6077272780773428,0.0100001544557329,0.7643896126430951,0.02473617795037826,21
0,80,240,-0.00012177240277238679,0.3863387823161526,0.012759092216291335,0.12188034387973744,0.0038924203815567764,21
0,81,243,-0.00048599161400617724,0.3698431326157366,0.012816296195105123,1.397697585782427,0.07608901299870026,21
0,82,246,0.0016717737705805923,0.9281144035826769,0.016929647319058758,0.3211971911684114,0.03313254974938864,21
0,83,249,0.0008225549305564716,0.9092825551197825,0.01776592700017306,0.2438171804832066,0.024904567883495227,21
0,84,252,0.0011975104957488887,0.8988533022579688,0.01774742363175085,-0.06490829980395413,-0.006831516782421694,21
0,85,255,-0.00016336689516101147,0.5147604792796493,0.013237797736654323,-2.5972121654032096,-0.1568057244709004,21
0,86,258,-0.00012968890380675197,0.49062389275498414,0.013129262325569472,0.9048036959989176,0.06311737100315153,21
0,87,261,-0.00025241059607663304,0.7475953176802425,0.014121809502589087,-0.36619786331243137,-0.029666290775074607,21
0,88,264,0.0004583855853189659,0.8241814217897259,0.015232141614632915,0.19115841957417812,0.01914397072147029,21
0,89,267,0.00032607064083280905,0.517805258450948,0.013584419266204663,-0.6020864073587245,-0.04278959191560776,21
0,90,270,8.57189997193592e-05,0.4646270517946283,0.014574600174256738,0.58500512028469,0.04767187793560099,21
0,91,273,0.00019193168708019786,0.5501873554296781,0.01623938558385711,0.16637637412026676,0.008432096380547878,21
0,92,276,0.0003890226496652226,0.5157712237367584,0.014553746542209093,-0.9285505410492306,-0.0818307425829225,21
0,93,279,-0.00034924258712320437,0.591999998980645,0.01552255168251125,-0.6246420116309643,-0.034244803927089715,21
0,94,282,-0.0004745094486294851,0.6508067683848284,0.016585626555494833,-0.004198528368580058,-0.0003551683460907031,21
0,95,285,0.0011173738410090127,1.3055667314315744,0.01460916832828978,-0.29789150695629485,-0.03821702666647827,21
0,96,288,0.00010924382710157996,1.2780979374213648,0.017831070950629416,1.3364670297637347,0.08604055592351922,21
0,97,291,2.7165854923240845e-05,1.2670657876761109,0.0177292388614461,0.8866070481085181,0.061293256342567576,21
0,98,294,0.00018355763173856228,1.1427652773945385,0.023034346527238216,-0.44152862946404337,-0.0404641508370588,21
0,99,297,0.00015697774280267265,1.1523349191873478,0.023233106991225303,2.1435024072949425,0.17977284784061376,21
0,100,300,0.0031816741933607664,0.8221676696969247,0.01897474073105585,-0.8556583012199757,-0.07800788805450755,21
0,101,303,0.0013669947042364494,0.6281369627889917,0.01550416351934287,0.8769493312064411,0.06955987305057862,21
0,102,306,0.00022972376662639185,0.34691078077413817,0.01404040193924967,0.2717033080196825,0.021447306617010053,21
0,103,309,0.0010825011070761481,0.560005517587568,0.015282416460020803,0.8705101280800991,0.048811857557223046,21
0,104,312,0.00033423277925612106,0.4688891447564536,0.017630985048083303,1.0319884598911988,0.07762016665426939,21
0,105,315,-0.00010754351114378028,0.5090454345500375,0.018163011919071555,2.4014083464511735,0.13395665617102007,21
0,106,318,0.00013559675621272274,0.6585233567039266,0.01945140668719112,-0.2802078721818352,-0.03228240410581638,21
0,107,321,0.00013566525692900388,0.7005182616667771,0.019256297799382784,-0.13896470039544515,-0.01502987944022979,21
0,108,324,-0.00041078014910415656,0.18325737079294985,0.014827196108969107,-0.4123138025156157,-0.031956996173096795,21
0,109,327,-0.0007158333307406238,0.5058762447340368,0.016225176732274096,0.9325275219013568,0.0892872459910302,21
0,110,330,-2.5563436762223867e-05,0.5194660972502019,0.017488308729885837,0.8747807867322976,0.06228475829994764,21
0,111,333,0.0003815503351914517,0.5427352130713696,0.017468178128274114,0.4160380752521059,0.03515462099192723,21
0,112,336,0.0010945438284647579,1.0744946048649973,0.020884420309008233,-0.6394293222394415,-0.07364132584523453,21
0,113,339,0.0013997731044622726,1.0195630673831175,0.020733999144823746,-0.7896450150100728,-0.07452441811616098,21
0,114,342,0.0001390382989557129,0.9038335128677555,0.02289271052148898,-0.10374202201051168,-0.011478205326872087,21
0,115,345,0.0006577655441197876,0.6788832697105082,0.015913950796019184,-0.9089645502813837,-0.05795815542025619,21
0,116,348,-0.0016438197006011924,1.1385156865747046,0.017076665448341504,0.8207530868711085,0.060903939464908075,21
0,117,351,0.0007802390953385579,0.6254697345911993,0.01616470676373915,-0.27830045733377934,-0.025295787509829658,21
0,118,354,0.0014863384252034903,0.6424234118039388,0.017246049191862796,-0.4275172017586225,-0.026470451890088707,21
0,119,357,0.0018195189436069556,0.6311059546347733,0.016912734461351667,0.32567076472043527,0.017518010763205888,21
0,120,360,0.0018949056934629326,0.658237067843116,0.016490009989142015,-0.3459037248287254,-0.027684890334890057,21
0,121,363,-0.001855757836690703,0.8467740128006231,0.02102356332298123,0.8346221794867872,0.07162441640286389,21
0,122,366,4.946928889523587e-05,0.2817557351500344,0.015560677866365606,0.6612873797597806,0.05537154174525355,21
0,123,369,-0.0014903049950995022,0.4502112979790681,0.021592138812009734,0.853885072716038,0.0953195992335262,21
0,124,372,0.0017498199498526246,0.6568995146000002,0.02205251009204912,-1.2554098376564629,-0.12748220392826567,21
0,125,375,0.0007779765110186626,0.6069653399392763,0.021917625170053388,-0.38542728742697463,-0.019081909691997054,21
0,126,378,0.0020125927711616975,1.734141449685146,0.019287159126371946,-0.2295356344800962,-0.03801477276733342,21
0,127,381,0.001591854328864299,1.7036599356921538,0.01923787157752217,0.6326449478805329,0.07068850638861165,21
0,128,384,0.00042781290291366513,1.5469130246682647,0.02281120186899403,0.5357010244391229,0.04400738326689625,21
0,129,387,0.0005714053558671217,1.4952729904060982,0.024902740263839887,-0.7831371854922108,-0.0746425863778894,21
0,131,393,0.002547072177136096,0.5079726346865567,0.07950131847591763,-1.278792169052521,-0.2627107684410891,21
0,132,396,0.0030346306781864982,0.26938457808946964,0.08165725877036466,-1.1336266030480069,-0.22309109239766142,21
0,133,399,0.0024906026822070354,0.8579330829823683,0.031037436800718635,-1.0953509157778283,-0.11997211168881369,21
0,134,402,0.0025103827522469854,0.9200176591804637,0.031475471840947136,0.033982758205464356,0.004276615507929574,21
0,135,405,0.004877987093566837,0.2876813045332412,0.027374353381006713,-1.2388460479313488,-0.2136186992084992,21
0,136,408,0.003730611455436615,0.339828507777371,0.026546094466795365,0.5785801967359793,0.1096623999404984,21
0,137,411,0.0028952530248344387,0.22350994867843116,0.025584725461322493,1.759327728248368,0.3477037289164669,21
0,138,414,0.0014976429952950998,0.5151577304597688,0.025901416104463556,-0.2498933697763436,-0.03277430100330081,21
0,139,417,0.0002360038221286946,0.49339190454028886,0.024752467993470632,0.4772021884238627,0.06847260527586048,21
0,140,420,0.0005389609781917171,0.5095748305679024,0.02457724403597836,-1.7027938916622425,-0.11837021559582765,21
0,141,423,0.00027441137323933355,0.4704667498709405,0.02375023736025425,0.8684616171937096,0.11540574691851639,21
0,142,426,-0.0005662172002974992,0.47574867230292195,0.02239261628378243,1.3634401176821807,0.19197900034361035,21
0,143,429,8.022327074770343e-05,0.6274776942687833,0.01840189243135945,-0.4375064594825763,-0.04681816163169027,21
0,144,432,8.022327074770343e-05,0.6274776942687833,0.01840189243135945,-0.4375064594825763,-0.04681816163169027,21
0,145,435,0.0003448753012333018,0.5226778491053491,0.022092385468676087,0.05111274021918419,0.0031537618687853992,21
0,146,438,0.0021066290383899254,0.5956497075151443,0.023052837056193473,-0.23135943029366648,-0.015898611860172454,21
0,147,441,0.004717410964110429,0.9174585338287534,0.028553134232765502,0.10538886356869456,0.019959822724397648,21
0,148,444,0.002773060166818517,0.93749927190994,0.023952590652872426,1.4713096731612672,0.3529924775856213,21
0,149,447,0.0021692994338243527,0.8707486617590134,0.024421555135036944,1.77817203567437,0.14909553119652436,21
0,150,450,0.0028276424327349325,0.7512586700990184,0.02426151886045343,-1.860882109566458,-0.17156553441142644,21
0,151,453,0.001599058091620322,0.8077247150604645,0.023071522656582324,-0.1668355342453372,-0.029188472146048226,21
0,152,456,0.00013854334866014544,0.7901482183280707,0.020983060245409985,0.9465813714329013,0.08952134803702455,21
0,153,459,-0.0016684408006532045,0.8929921458266898,0.026717338843445047,0.2898949551063447,0.04514723403507587,21
0,154,462,0.0011327430658508576,1.1329554721305213,0.025547479086836463,-1.6084386356946088,-0.16351155813318735,21
0,155,465,0.0018202395193392816,0.7594640436316821,0.02291879134604896,1.121329080480441,0.13362017033111473,21
0,157,471,0.0005463125757913675,1.1884145661095782,0.012012142682234994,0.1194927578780032,0.011263490686502299,21
0,158,474,0.000626690121852832,1.1689188217592066,0.012184218361746218,-0.28505599309338064,-0.031333554473872205,21
0,159,477,0.0005854113696078163,1.1648587032700433,0.012453372150919774,-0.24976941873889405,-0.02723610856047158,21
0,160,480,0.00041292507452571315,1.146902094569573,0.013102946798385948,-0.36425177779171314,-0.020253444191183488,21
0,161,483,0.0008659696290445147,1.0735632581989256,0.012968092946492635,-1.0179163739509,-0.10588862566889823,21
0,162,486,0.000802430971602592,1.0263018297183468,0.01320251916588125,0.11382068572980547,0.006994486483316065,21
0,163,489,0.0005679370633194599,1.180528129232636,0.014243328597721318,2.2871252515504956,0.14083803379805565,21
0,164,492,0.0006848467843133996,1.2084811551021364,0.013787405907926431,-0.5178307304048523,-0.03425640329917248,21
0,165,495,0.0009804127007286118,1.1605036978345118,0.013873646170286158,-0.8552775138140275,-0.06235003472907737,21
0,166,498,0.0010837389726967364,1.1389422526129422,0.013958933669559859,-0.6463074395591374,-0.045483928388349186,21
0,167,501,0.0014165893610641538,1.0773692371237815,0.01575214229405234,-0.23476798773989765,-0.0157890585664198,21
0,168,504,0.0014941572834334172,1.078262597996736,0.015739992284003232,-0.07032462748389595,-0.004847378738534795,21
0,169,507,0.001027505854121534,1.0695669351212578,0.015699505660942897,0.265207677356433,0.024050985469707947,21
0,170,510,0.0010743684451991263,1.0729429340287688,0.015749159597960905,-0.01595405519465373,-0.0015025039263358003,21
0,171,513,0.0009409621060978916,1.0771453674596574,0.014946604466774212,0.7414771132307796,0.05838762260376652,21
0,172,516,0.0016192572824202977,1.0896562330362338,0.014696755572865329,-0.42832340965239524,-0.034756311408305395,21
0,173,519,0.0007158987456619874,1.2246156551695688,0.013569542633232972,-0.689224000497068,-0.06334562489615678,21
0,174,522,0.0007921180275831537,1.2128722219889903,0.013571748879237955,-0.9796849273262439,-0.0851455241733449,21
0,175,525,0.0007655739920929415,1.1967660040415877,0.013482848003057636,-1.0638955136896895,-0.0956090120833804,21
0,176,528,0.0004997457017618676,1.2295104302164122,0.013460134923213834,0.3695454822966961,0.022470242801821087,21
0,177,531,0.00044044470269018654,1.2071238793610033,0.013943294855280152,0.6706167728417965,0.031739560085692516,21
0,178,534,0.00043819408827840925,1.2232552095387128,0.013358800559682448,0.16326303277269308,0.016462853861043673,21
0,179,537,0.0005884945321609871,1.2263683725204317,0.013333331834441806,-0.9809104944472794,-0.07535850525050125,21
0,180,540,0.0009001129777652724,1.275883277829033,0.011018486926270974,0.7396824520429881,0.05325052650152762,21
0,181,543,0.0005230516966483444,1.2347130662966441,0.011559702175408925,-0.28384710876940156,-0.016887693566205397,21
0,182,546,6.587728953103835e-05,1.1897060701114808,0.011541089708693646,-0.09116206796089311,-0.008422713023185178,21
0,183,549,-4.3724764985913784e-05,1.1812558429725026,0.011388917065150642,1.1006188689136245,0.08672693739833685,21
0,184,552,0.0003240352690690095,1.121144930858506,0.011288221667610615,-0.26831615267937176,-0.014211843810707423,21
0,185,555,0.00042342853939772755,1.1088776909134466,0.010672102625177121,0.1353726142112095,0.00823812673395667,21
0,186,558,0.00036496835566419294,1.112102675767523,0.009796334230109787,-0.45786895248246656,-0.035428492021622085,21
0,187,561,0.0011342465570739915,1.1915864607240827,0.009444560562073599,-0.7812828231162119,-0.0797117632088719,21
0,188,564,0.00041137825307348773,1.096114374238223,0.009553675108078108,0.9763283141055321,0.05161459899895372,21
0,189,567,-9.589372161941732e-05,0.9932776320608986,0.011402539794810151,0.788776361729205,0.0264499738086316,21
0,190,570,8.982896014596547e-06,0.9811051536579929,0.011931041397515435,-0.7979407681431794,-0.04367623742820946,21
0,191,573,-0.00035760097671852005,0.9611189442152143,0.011812043539589007,1.6464412902204493,0.13945733972652097,21
0,192,576,-0.0005165499066194738,0.9619632447533013,0.01184930233610857,2.2285150268647733,0.17955556274913842,21
0,193,579,-0.00029657031730371815,0.9603913991758801,0.012011661936275788,0.16899454751993573,0.006548017030182852,21
0,194,582,0.00014146128620219352,0.9648725119149666,0.01251412330566377,-1.392564180345562,-0.06886053648855071,21
0,195,585,0.0002749999990033329,0.9708866610001632,0.012625631285549752,-1.29238928511002,-0.05288434452126053,21
0,196,588,0.0002368923226834243,0.9877633203875621,0.0128056899338228,-0.4141762422007393,-0.017981104471199577,21
0,197,591,0.00042725678756134344,0.9868512590820733,0.012866280743574876,0.2627534337576904,0.012890191982475423,21
0,198,594,0.001071189111276639,0.9745245072598508,0.011935139782171953,-1.3959159998450694,-0.06242007134027546,21
0,199,597,0.0011300013643845046,0.9413828453217716,0.01116532159234823,-0.385103202254166,-0.0289291243518329,21
0,200,600,0.0012470469991875956,0.9086184724758126,0.010804399982361768,-0.20899335324492796,-0.02061452044307957,21
0,201,603,0.001230115763465861,0.9389677705573993,0.010273654162472003,-1.0838605160582944,-0.07582844553573316,21
0,202,606,0.0004394185717229963,0.9631038989964058,0.010814173043007039,-0.4538011226295349,-0.023211558965070978,21
0,203,609,0.0003760199347348326,0.9177653883534709,0.01125527612230676,-0.036842154513310126,-0.0022239472801864665,21
0,204,612,0.00021432925491220953,0.9264019223061775,0.01123301327776183,0.6926760753517638,0.04350596858363051,21
0,205,615,0.00011772971349060236,0.9635572306164457,0.011370102383785153,0.9417108991061276,0.044309786649624726,21
0,206,618,1.2290612497055711e-05,0.8308534281047382,0.010954832151126238,0.4608806167743207,0.048214797489075846,21
0,207,621,0.000142551761709777,0.84591365352221,0.011056028186757041,-0.8642921404588799,-0.059011110079480816,21
0,208,624,0.00022385315978725443,0.876938817589233,0.011111073293182193,-1.3678731093014218,-0.0670566792340105,21
0,209,627,0.0004478249833606744,0.815528224861477,0.011444190297686294,-1.4125574741219993,-0.06683094328416035,21
0,210,630,0.0005523950232011312,0.8203892256977916,0.01142324960918791,0.6879973028725211,0.04000701037349558,21
0,211,633,0.00036706674184217367,0.8101606866901178,0.011602418466125003,0.763660290441326,0.030852440780650935,21
0,212,636,0.0007196784056501311,0.7529050177842692,0.012505112623983064,0.3159254592619917,0.01780644266158378,21
0,213,639,0.0008401458859817421,0.624563237927352,0.01276730777157345,-1.0463476625311816,-0.0474735753457893,21
0,214,642,0.000725056837269323,0.6084954306929842,0.01323769544745586,-0.1412518787184286,-0.006175098107325581,21
0,215,645,0.0006419480186634133,0.5815542226467989,0.013387587535598097,0.4038101637693481,0.022186557108832328,21
0,216,648,0.0006119943678130889,0.5587560405139453,0.013126773512930167,-0.3893789716205325,-0.02481294595844087,21
0,217,651,-9.947391045936793e-06,0.5146610801816822,0.012967295885119605,0.8139434639874539,0.06946333608501636,21
0,218,654,0.00015600214834636034,0.6655340441161237,0.01404530810452711,0.00577127177812812,0.0004417399598726614,21
0,219,657,8.596495443424173e-05,0.7507557625686415,0.015846380178421073,0.23310284772035272,0.01252271278636138,21
0,220,660,0.000187213252646521,0.6788152521033339,0.016004441950998826,-0.5934475648643288,-0.030984201753102073,21
0,221,663,0.00023891003113555318,0.7128773539226302,0.01809419726083246,0.32638288497976975,0.027677213055732085,21
0,222,666,0.0001759748257643978,0.7164377315281002,0.01781855609136505,-0.02861371765031658,-0.0032247084448272095,21
0,223,669,0.000460918743160968,0.7199792749992096,0.018173318046620007,-1.1294065635526642,-0.08009050044156912,21
0,224,672,-0.00018001679971654978,0.7366813266590226,0.018434424231959297,1.4110700583712186,0.1601093281007531,21
0,225,675,0.00023765764590526835,0.7515227428431046,0.018131638324716128,-0.3932800091889393,-0.04283151614972258,21
0,226,678,0.0004009680069916308,0.7804761149047672,0.018204645910384048,0.24544566913896337,0.025392415936197843,21
0,227,681,0.0004173404188670732,0.9037045479095774,0.018900927317103314,-0.1793966502580885,-0.012993362903493053,21
0,228,684,-6.343765803379711e-05,1.160480279628968,0.014890100293386227,0.22470147311729738,0.021071225841693818,21
0,229,687,-0.00010548197163126659,1.1539222703086645,0.014902332887904058,0.2885014946328274,0.028454248881191364,21
0,230,690,0.0005137023679508574,1.0573089605098582,0.014400725257086357,1.6825433308217228,0.08879146079594394,21
0,231,693,0.00011771027052785596,1.0546636699042171,0.01456810530371539,0.6510635025195114,0.03759893191008263,21
0,232,696,0.0010054944104875775,0.9776226757560875,0.014195200760009642,-0.8148211858579589,-0.12534967941595532,21
0,233,699,0.0014351927024798192,0.9611398527082856,0.013047184747453784,0.23614128958007946,0.025247089355940455,21
0,234,702,0.0004426624838098235,1.0736273804682883,0.007432957982332569,0.24922372947341162,0.05487047178645713,21
0,235,705,0.00010621388893901782,0.9906866957953231,0.008427315741379941,1.601537147502544,0.06509041356963798,21
0,236,708,0.00040050747401802105,0.9364448689979177,0.01006069774016984,0.14520303575620078,0.005685008184431501,21
0,237,711,0.00046494404751720855,0.9529625502814145,0.010220491706920569,-0.5451429971714774,-0.026387701226963992,21
0,238,714,0.0009389396088568161,0.9308023703058889,0.010053270096310197,-0.6567775943932572,-0.0359149939729424,21
0,239,717,0.0009222376687493066,0.9272603645060746,0.010053312959543969,-0.7054719990912051,-0.03996751356594758,21
0,240,720,0.00099869284616968,0.9555315619239739,0.010738839897259586,-0.23609639753303058,-0.013681368797189727,21
0,241,723,-0.00023544544512889645,1.2632441379375572,0.010071441138486426,-0.8070305993346937,-0.041102103474305735,21
0,242,726,-0.00016696024823909916,1.2054966541978658,0.008039618535823138,-0.3538691540354835,-0.03627418340544942,21
0,243,729,0.0002079265669772112,1.189991930422143,0.007987539443906493,-0.15699313566560866,-0.010147406979510346,21
0,244,732,-0.00019649062647927892,0.9821291569177695,0.008728733817451846,1.3985517904935691,0.039904419868951074,21
0,245,735,0.0016887180038369992,0.8597067253062919,0.012171026727747745,-1.89674154808673,-0.12021999088157273,21
0,246,738,-1.7307201221328542e-05,1.0193931372731875,0.010467390303804877,0.44394676129766675,0.029022161041298983,21
0,247,741,0.0005629952798845023,0.7821273432000395,0.01168490130755701,-0.7553719318374231,-0.04658294588274679,21
0,248,744,0.0006578079454356698,0.5852543540017372,0.014433019218989342,-0.21455047155706577,-0.016262535621632365,21
0,249,747,0.00040787327834947016,1.172963053186885,0.005934513467071081,-0.49051927053457106,-0.02479559164254865,21
0,250,750,0.000147259649675475,1.1509503618747767,0.00628897799264792,-0.07709407829999691,-0.00804039134669695,21
0,251,753,0.0002695043583500541,1.217737600056434,0.00608535561242993,-0.027114316968981006,-0.0020982784576493788,21
0,252,756,0.0006218129645149834,0.9961753313347412,0.00582044893484771,0.3860612285246789,0.019853577093166028,21
0,253,759,0.0005183041340957742,0.9905734858781964,0.005842431510035619,0.515023544733337,0.014764050379146234,21
0,254,762,-0.0001035800764959201,0.983482351626155,0.006372416547311743,0.5243777641011709,0.019363208573757392,21
0,255,765,0.0006193962312529904,0.9568567113833424,0.018178612356975862,0.9725532544986514,0.10211800384263209,21
0,256,768,0.001143408291759749,1.054692286287612,0.019146780002372285,0.3267960827430416,0.034698213072283705,21
0,257,771,0.0014063554131580258,0.8897933494808723,0.020172849158278546,-0.19130968598522355,-0.01417548675569033,21
0,258,774,0.0009661231333872219,1.0414490525986273,0.02030831758651967,0.5253352573620098,0.042420698338603915,21
0,259,777,0.0006770071029836217,1.0472263961474697,0.020675416765008815,1.6771537243500152,0.09339737111635092,21
0,260,780,0.000383873004428538,1.1089776595652814,0.021926231399287944,0.7629282924821723,0.06604499966880643,21
0,261,783,0.0005681741752283714,1.0988419790006303,0.021605228515858665,-0.42462405441433393,-0.03664849018634803,21
0,262,786,0.0009005796420943405,1.103677849413467,0.021819520784245126,1.318746038975265,0.08546922403515694,21
0,263,789,0.0009690327210496139,1.1097116016777009,0.020397154121691446,0.36808406620536005,0.060369124167853436,21
0,264,792,0.0005289083967257142,1.293377872172146,0.018940581412019198,-0.023965035549032166,-0.005979517798718598,21
0,265,795,0.0015808319205360517,0.9978200952744793,0.018819873997630597,-2.0916129473332106,-0.15055613780288118,21
0,266,798,0.0008540901312259683,0.8457719429416537,0.016852505526704458,-0.18312221936813533,-0.027038266847843655,21
0,267,801,0.0009607698234413601,0.7966741971103155,0.015688570783028703,0.4642395872935682,0.05496469054621231,21
0,268,804,-0.0005995856921541749,1.2283140629583715,0.018996824594526913,1.4714448558264568,0.08311057237061362,21
0,269,807,-7.953668682647829e-05,1.2155172403840107,0.01860772265148487,-0.045481743449472374,-0.006698418985014836,21
0,270,810,-0.00020523686548422023,1.1036032075416373,0.01820298433861377,0.2659586270277032,0.022685779802447542,21
0,271,813,-0.00018487992544947258,1.1302959991988084,0.018771952693522772,0.5346904795559803,0.053985018204038324,21
0,272,816,0.00036411995087564926,0.7769590111007164,0.022795220399348823,-0.29481428525360553,-0.023462877318113577,21
0,273,819,0.0006301879137874726,0.7151348467895672,0.022002014351571075,-0.29100829582401877,-0.03374064285950967,21
0,274,822,1.191707857651754e-05,0.7175209635142651,0.022956202539536917,-0.2386162539001089,-0.01730696777673543,21
0,275,825,0.0007001095201455546,0.7897694556825385,0.024738483154472895,0.4382171559408404,0.04721857732809798,21
0,276,828,0.001575070449978316,1.0132262371719034,0.023514097888977452,-0.42502307385976884,-0.07560614831742192,21
0,277,831,0.0013861360032421432,0.9965053102371704,0.023356125635733933,0.2031633404918731,0.020013026583916203,21
0,278,834,0.0020335043027899513,1.0138832573722985,0.021999345361925614,-0.7329485860359736,-0.06795339031774954,21
0,279,837,0.0013111453315084198,0.9165453500740657,0.019081940763660384,0.11987023417251672,0.020106397618819938,21
0,280,840,7.039198802324969e-05,0.7034655626352915,0.019456919610734553,1.9161756742300062,0.15196761917912646,21
0,281,843,0.00012425528550502797,0.6659107140548952,0.018898570480132992,0.37939007548572157,0.0325194238554228,21
0,282,846,-0.00017246021612877903,0.693801070042233,0.01896740224154913,1.4171150787351776,0.14494178150888384,21
0,283,849,0.0020397005940370676,0.4138620542553375,0.01784681687692659,-0.06762019466490618,-0.007231447433842041,21
0,284,852,0.0014926699794918443,0.46171393111487674,0.017915478687897224,0.31432918334458326,0.030536050686312884,21
0,285,855,0.0012211630884047084,0.5326008546800256,0.016901129784480277,1.8032340433767469,0.11512385902066952,21
0,286,858,0.0006741017046318777,0.829869716590713,0.02039401980555089,-1.2185608336963185,-0.10327403771086902,21
0,287,861,-0.00021557610560961078,0.8783270155293799,0.022404409332802154,0.5761327210175469,0.0630853497386143,21
0,288,864,0.0005356285324600972,0.9033588323538096,0.024264053065069,-0.901544006065834,-0.08674531450297618,21
0,289,867,0.0012111086409848906,1.043772553593616,0.017307488971640465,1.0400375748491728,0.054858517452011535,21
0,290,870,0.0006977029836991428,1.1490461949824615,0.02003017142322873,-0.1888549890545224,-0.01767433490474199,21
0,291,873,0.0006073387200549196,1.1530724357695528,0.014968715302567513,0.06762312889430785,0.005013096307273545,21
0,292,876,0.00026341695939126266,0.8179299334667762,0.013919638973764397,-0.9077581977351007,-0.06635959958382807,21
0,293,879,0.0002405942538090102,0.7494677145023283,0.01460467619212367,-0.6821800375737898,-0.03429813157275289,21
0,294,882,1.0486318665077921e-05,0.765011357511477,0.014956602075183872,0.3626832411210728,0.022355927897143427,21
0,295,885,0.00016002250324870725,0.7329918453606439,0.014674188075876986,-0.6025490257650798,-0.047835723824300125,21
0,296,888,0.001128291437422811,0.7407783656532598,0.01534414339512712,-0.954864173934591,-0.06489734929997051,21
0,297,891,0.001521223901418727,0.7066923441719811,0.017225518369771074,1.1983246743148595,0.09212917169787105,21
0,298,894,0.00159621892154447,0.699363900047872,0.01724297568531859,0.5979526794158453,0.062028650594263414,21
0,299,897,0.0014986124477371105,0.7112970065853892,0.0171689205966075,0.39026374381366213,0.041462306009386336,21
0,300,900,0.0017260018424599742,0.689276116146406,0.017139287389271833,-1.2165559404316357,-0.1183681637888053,21
0,301,903,0.0016888164842312307,0.6905673965841608,0.017307716837972362,-0.49124265259206396,-0.027763441055936578,21
0,308,924,0.0011707512208988932,0.32019053208722054,0.04455463840713981,-0.5533496236963164,-0.10630257601879213,21
0,309,927,-0.0009425579318389969,0.09326713562233377,0.044192799599358575,0.6399901093446576,0.10302327405904148,21
0,310,930,0.0040115489124428845,-0.8700121793894657,0.06438818652800737,-0.2893136628473027,-0.049245067348578586,21
0,311,933,0.0010241129558341312,0.33292538283417417,0.04421069611483093,0.5438520183150045,0.1449892679097773,21
0,312,936,-0.000833057417594535,0.7385412176191274,0.017664012565272745,-0.35069762439282337,-0.039701896972405275,21
0,313,939,0.0018460933872459532,0.9105345171592789,0.014853315128701708,-0.8115080748066702,-0.04962217278660965,21
0,314,942,0.00044721375171609965,1.2777455880960735,0.01858077223438966,-0.16201156187401308,-0.012744782428497959,21
0,315,945,-0.001169260369267563,1.5198754919300277,0.019684151228430338,-0.06647984160069507,-0.005440133557028742,21
0,316,948,-0.0012543870890807595,0.976941826987839,0.011889173768030122,0.08261322344844711,0.005134413793924909,21
0,317,951,-0.0005140505176309525,0.9747930949787218,0.011151459813073588,-0.438747638723111,-0.04621663395934408,21
0,318,954,-0.00010789292799270672,0.9837959002058831,0.011015189021724374,-0.08617413097029591,-0.0059733091296615675,21
0,319,957,-0.00045039254200134916,0.9735669327673007,0.011764714759570295,0.0575569968591835,0.0031627810693937355,21
0,320,960,-0.001082428072627925,0.9147030574699399,0.0122553202212738,0.6064716017304536,0.04990284894966683,21
0,321,963,-0.0009549819818281036,0.9173135158590555,0.012284968530185434,0.791853443135322,0.06979775715805803,21
0,322,966,-0.0008865479125391454,0.8182753687824461,0.012752130173235112,-1.2499189976084053,-0.08876547462378817,21
0,323,969,-0.0016967951529505494,1.2701620631792894,0.014331109220923373,1.8558618880332636,0.1169603243608869,21
0,324,972,0.0003520401672148809,0.9805261648332948,0.01212373567903376,-0.2726735936658032,-0.0188472213198153,21
0,325,975,-0.0001254430097842171,0.9936528033508496,0.012649404899029429,1.0982050535534569,0.05963239718782616,21
0,326,978,-0.0002192370966883991,1.0083324816658392,0.013223726316193106,-0.10687806778359363,-0.00670699563098547,21
0,327,981,0.0029211886619003964,1.0646606195103017,0.02691538031050727,-0.3034180744411588,-0.06197108070311076,21
0,328,984,0.0024265402920765956,0.8956288845052802,0.026252160373698104,0.1802608162486527,0.02462143522499042,21
0,329,987,-0.0013352377279391605,0.27995031919924596,0.024031202365414527,-0.5412560182216374,-0.043862340407359326,21
0,331,993,-0.0027827608354421825,0.7218272823906643,0.034298048249186065,1.1541231054287915,0.15848160373536957,21
0,332,996,0.0005533086775441007,0.45315497262508486,0.030500915768896235,-0.03334984940559944,-0.006172792484929551,21
0,333,999,0.0025428856716791597,0.5935212288283641,0.028523159867615028,-0.01245555264143706,-0.0024281426993785927,21
0,334,1002,0.005092145558916565,0.640575046865491,0.02830426835739333,-1.5524034442234809,-0.23891194827350698,21
0,335,1005,0.004823739175813829,0.6856349841139001,0.02687482360569915,0.5844237843787632,0.0765938338114436,21
0,336,1008,0.0035103095662194876,0.8777745820117722,0.026111240178641786,1.39443291629778,0.1417210821987927,21
0,337,1011,0.0030728534880851287,0.8358484019014675,0.024943880094782503,0.6508621516868017,0.11979379459902768,21
0,338,1014,-0.0006680650688821142,0.8963864862740165,0.028632725191199762,-0.15193778606572933,-0.03209753306646916,21
0,339,1017,0.0028431383190276388,0.7340152924957872,0.03492825815498622,-0.7542344424440433,-0.09598039448738666,21
0,340,1020,0.0010480915973618608,1.0103360810876167,0.02641131986734242,1.9611533108735737,0.2697686457539754,21
0,341,1023,0.0021885496989523983,-1.510315630978812,0.16503669541614036,-0.03258378355062534,-0.03272929273794762,21
0,342,1026,0.0024966520734988557,-1.5767619070978058,0.165015078633939,-inf,-0.06497704694062253,21
0,343,1029,-0.003196064186815806,0.8275585416703513,0.19827501960430546,1.1029718879515804,0.7645218543705177,21
0,344,1032,-0.0029865517713166855,0.5069818037132443,0.18849839562205395,0.04132052931935052,0.04150505413463612,21
0,345,1035,-0.021796606271804454,0.8500944625931159,0.17272836496811111,1.2877493898548662,0.9342457470114875,21
0,349,1047,-0.0013052719000511295,1.1017139068473025,0.01502337081980578,2.313726345565927,0.11649898295610274,21
0,350,1050,0.001287829921666367,0.9135901755651564,0.013937622089789317,-0.4120516861393793,-0.08227086082961169,21
0,351,1053,0.0005117279574893714,0.9606092479752468,0.01567578845073384,-0.8642492503847585,-0.056066355269444285,21
0,352,1056,0.0008040179103980162,0.9936971380374493,0.014811275640818399,-0.9393359290855717,-0.09625514784362822,21
0,353,1059,0.0008111766060698478,0.5839000527913991,0.01490967389403681,1.3738936452424007,0.07354226884705323,21
0,354,1062,0.0011676757388279111,0.6050271592971506,0.015540661345421088,-1.949770926127315,-0.09140950483211334,21
0,355,1065,0.0009868898508081374,0.6101195541324056,0.015517741613200698,0.33336921915524526,0.014329776042567617,21
0,356,1068,-0.00034809174215940384,0.8154461403212792,0.015043512937702173,0.15087147030295528,0.012685769245099855,21
0,357,1071,0.0006600311029740426,0.779224786905943,0.017175626262902553,-0.7235956976626795,-0.049620533748173476,21
0,358,1074,0.0001776977860844929,0.49979629793761954,0.016793618513905893,1.0408441001946418,0.08199804420506752,21
0,359,1077,-0.00021834622116088394,0.5548071327335848,0.016848337808031518,0.9562186660553561,0.09352607498260428,21
0,360,1080,-0.00047790840421879204,0.5163104679832125,0.01519647801100013,0.4522461004292116,0.058168264373752915,21
0,361,1083,0.0007434997349539506,0.4503894183217968,0.018296921150260874,0.33190823494943006,0.030696903275689556,21
0,362,1086,-0.00019737124402124516,0.4058139120667473,0.016424758383475863,1.0181949697155703,0.10346481826381336,21
0,363,1089,0.0008015133914924638,0.3783458259792498,0.012745433957391698,-0.6805300082321685,-0.06093638985204977,21
0,364,1092,0.00013233602912198996,0.3267456643357346,0.012500978208438903,0.5500363139810822,0.041983775989188725,21
0,365,1095,0.002483971008927569,0.9391532604080488,0.026213453639813245,1.3985283102437813,0.2273375876038182,21
0,366,1098,0.002461677454782417,0.9081926350451877,0.02688513178500317,-0.6500383532094252,-0.07793216085812588,21
0,367,1101,0.003413139555547184,0.9111614856417637,0.02626109872998452,-2.1210111108586402,-0.28321577405878856,21
0,368,1104,0.0007669056816815198,0.8629851199196645,0.02596491123540477,2.0749393804479106,0.21329360752280785,21
0,369,1107,0.0008980037666491644,0.8562289437488175,0.02592496258810167,0.5359308694309909,0.06140264025542658,21
0,370,1110,-0.00048102306471675964,0.8282711381863381,0.02327839987184311,0.9915731223572337,0.17164297914481422,21
0,371,1113,-0.000262275844934399,0.4534814045050404,0.02080830441907788,0.21620091948557194,0.017287836999987954,21
0,372,1116,-0.00047507964191504835,0.3624734936044119,0.02039952590358197,0.7590379366296396,0.08276182969926023,21
0,373,1119,0.0003517993306965281,0.44189084361548514,0.020719545701975615,0.41891300530780057,0.03847859150512278,21
0,374,1122,-6.931153397995224e-05,0.3619676079829366,0.021183082700171225,0.8715367079203317,0.08962054873898948,21
0,375,1125,-0.002618815299057373,0.6766881017366805,0.01903458932526741,0.9197021360731462,0.07136834754537824,21
0,377,1131,0.0034445528713246886,0.6583289036714733,0.02533533722762057,-1.0705874205689063,-0.16393567257294234,21
0,378,1134,0.0015794914689069176,0.5980780544620878,0.022858907807400495,1.930337193817127,0.39171344762549054,21
0,379,1137,0.0011629119857325973,0.7795675981728418,0.023532707518085547,0.3914026780635459,0.033406577986133626,21
0,380,1140,0.0008854312207698962,0.5714534778654461,0.024128057439424224,0.4490155428333853,0.07442343739216253,21
