,,
OMXPI,1/5/2022,1040.08
OMXPI,1/4/2022,1045.27
OMXPI,1/3/2022,1044.58
OMXPI,12/30/2021,1037.14
OMXPI,12/29/2021,1035.95
OMXPI,12/28/2021,1036.1
OMXPI,12/27/2021,1030.23
OMXPI,12/23/2021,1017.64
OMXPI,12/22/2021,1001.94
OMXPI,12/21/2021,993.57
OMXPI,12/20/2021,979.09
OMXPI,12/17/2021,988.43
OMXPI,12/16/2021,990.42
OMXPI,12/15/2021,981.28
OMXPI,12/14/2021,977.76
OMXPI,12/13/2021,993.57
OMXPI,12/10/2021,997.95
OMXPI,12/9/2021,1004.57
OMXPI,12/8/2021,1003.11
OMXPI,12/7/2021,1005.75
OMXPI,12/6/2021,978.74
OMXPI,12/3/2021,974.9
OMXPI,12/2/2021,988.78
OMXPI,12/1/2021,1002.95
OMXPI,11/30/2021,986.33
OMXPI,11/29/2021,992.35
OMXPI,11/26/2021,978.54
OMXPI,11/25/2021,1012.92
OMXPI,11/24/2021,1006.92
OMXPI,11/23/2021,1006.25
OMXPI,11/22/2021,1027.95
OMXPI,11/19/2021,1032.63
OMXPI,11/18/2021,1030.36
OMXPI,11/17/2021,1033.41
OMXPI,11/16/2021,1033.81
OMXPI,11/15/2021,1028.06
OMXPI,11/12/2021,1021.84
OMXPI,11/11/2021,1006.72
OMXPI,11/10/2021,998.09
OMXPI,11/9/2021,998.08
OMXPI,11/8/2021,998.07
OMXPI,11/5/2021,996.43
OMXPI,11/4/2021,995.77
OMXPI,11/3/2021,985.63
OMXPI,11/2/2021,977.57
OMXPI,11/1/2021,974.6
OMXPI,10/29/2021,969.96
OMXPI,10/28/2021,978.68
OMXPI,10/27/2021,976.5
OMXPI,10/26/2021,981.13
OMXPI,10/25/2021,976.72
OMXPI,10/22/2021,980.75
OMXPI,10/21/2021,972.55
OMXPI,10/20/2021,966.99
OMXPI,10/19/2021,965.24
OMXPI,10/18/2021,959.88
OMXPI,10/15/2021,959.45
OMXPI,10/14/2021,950.75
OMXPI,10/13/2021,940.54
OMXPI,10/12/2021,925.62
OMXPI,10/11/2021,914.76
OMXPI,10/8/2021,918.99
OMXPI,10/7/2021,927.8
OMXPI,10/6/2021,912.94
OMXPI,10/5/2021,925.88
OMXPI,10/4/2021,915.64
OMXPI,10/1/2021,926.54
OMXPI,9/30/2021,927.62
OMXPI,9/29/2021,923.65
OMXPI,9/28/2021,924.02
OMXPI,9/27/2021,946.95
OMXPI,9/24/2021,954.36
OMXPI,9/23/2021,966.03
OMXPI,9/22/2021,950.29
OMXPI,9/21/2021,941.74
OMXPI,9/20/2021,942.38
OMXPI,9/17/2021,969.32
OMXPI,9/16/2021,977.45
OMXPI,9/15/2021,968.2
OMXPI,9/14/2021,977.38
OMXPI,9/13/2021,973.77
OMXPI,9/10/2021,981.16
OMXPI,9/9/2021,982.91
OMXPI,9/8/2021,979.67
OMXPI,9/7/2021,994.82
OMXPI,9/6/2021,1001.41
OMXPI,9/3/2021,995.07
OMXPI,9/2/2021,1001.72
OMXPI,9/1/2021,991.88
OMXPI,8/31/2021,989.43
OMXPI,8/30/2021,994.91
OMXPI,8/27/2021,992.09
OMXPI,8/26/2021,988.04
OMXPI,8/25/2021,989.16
OMXPI,8/24/2021,987.81
OMXPI,8/23/2021,991.65
OMXPI,8/20/2021,987.63
OMXPI,8/19/2021,975.82
OMXPI,8/18/2021,992.02
OMXPI,8/17/2021,993.04
OMXPI,8/16/2021,989.67
OMXPI,8/13/2021,1001.99
OMXPI,8/12/2021,1001.41
OMXPI,8/11/2021,1000.96
OMXPI,8/10/2021,997.97
OMXPI,8/9/2021,993.75
OMXPI,8/6/2021,995.21
OMXPI,8/5/2021,1003.75
OMXPI,8/4/2021,1002.55
OMXPI,8/3/2021,993.73
OMXPI,8/2/2021,992.26
OMXPI,7/30/2021,984.67
OMXPI,7/29/2021,987.16
OMXPI,7/28/2021,984.25
OMXPI,7/27/2021,981.67
OMXPI,7/26/2021,986.21
OMXPI,7/23/2021,985.93
OMXPI,7/22/2021,973.87
OMXPI,7/21/2021,960.39
OMXPI,7/20/2021,944.32
OMXPI,7/19/2021,939.95
OMXPI,7/16/2021,958.67
OMXPI,7/15/2021,958.46
OMXPI,7/14/2021,964.07
OMXPI,7/13/2021,964.59
OMXPI,7/12/2021,960.08
OMXPI,7/9/2021,949.21
OMXPI,7/8/2021,938.62
OMXPI,7/7/2021,952.07
OMXPI,7/6/2021,935.99
OMXPI,7/5/2021,935.25
OMXPI,7/2/2021,930.71
OMXPI,7/1/2021,922.41
OMXPI,6/30/2021,916.59
OMXPI,6/29/2021,924.92
OMXPI,6/28/2021,914.37
OMXPI,6/24/2021,916.66
OMXPI,6/23/2021,905.27
OMXPI,6/22/2021,914.67
OMXPI,6/21/2021,913.66
OMXPI,6/18/2021,911.81
OMXPI,6/17/2021,920.3
OMXPI,6/16/2021,927.31
OMXPI,6/15/2021,926.45
OMXPI,6/14/2021,929
OMXPI,6/11/2021,927.41
OMXPI,6/10/2021,924.46
OMXPI,6/9/2021,924.86
OMXPI,6/8/2021,925
OMXPI,6/7/2021,921.78
OMXPI,6/4/2021,923.02
OMXPI,6/3/2021,922.13
OMXPI,6/2/2021,921.37
OMXPI,6/1/2021,921.95
OMXPI,5/31/2021,912.28
OMXPI,5/28/2021,913.77
OMXPI,5/27/2021,906.23
OMXPI,5/26/2021,900.08
OMXPI,5/25/2021,905.68
OMXPI,5/24/2021,904.65
OMXPI,5/21/2021,901.44
OMXPI,5/20/2021,900.08
OMXPI,5/19/2021,884.87
OMXPI,5/18/2021,901.9
OMXPI,5/17/2021,892.05
OMXPI,5/14/2021,899.12
OMXPI,5/12/2021,889.44
OMXPI,5/11/2021,884.5
OMXPI,5/10/2021,910.49
OMXPI,5/7/2021,909.74
OMXPI,5/6/2021,901.62
OMXPI,5/5/2021,907.47
OMXPI,5/4/2021,885.87
OMXPI,5/3/2021,902.75
OMXPI,4/30/2021,897.2
OMXPI,4/29/2021,904.47
OMXPI,4/28/2021,905.69
OMXPI,4/27/2021,914.38
OMXPI,4/26/2021,911.01
OMXPI,4/23/2021,908.87
OMXPI,4/22/2021,906.64
OMXPI,4/21/2021,901
OMXPI,4/20/2021,895.17
OMXPI,4/19/2021,913.6
OMXPI,4/16/2021,921.13
OMXPI,4/15/2021,907.83
OMXPI,4/14/2021,900.65
OMXPI,4/13/2021,905.53
OMXPI,4/12/2021,897.31
OMXPI,4/9/2021,902.61
OMXPI,4/8/2021,897.47
OMXPI,4/7/2021,891.98
OMXPI,4/6/2021,890.47
OMXPI,4/1/2021,879.01
OMXPI,3/31/2021,873.39
OMXPI,3/30/2021,875.16
OMXPI,3/29/2021,865.99
OMXPI,3/26/2021,871.84
OMXPI,3/25/2021,863.68
OMXPI,3/24/2021,867.15
OMXPI,3/23/2021,862.66
OMXPI,3/22/2021,864.77
OMXPI,3/19/2021,862.86
OMXPI,3/18/2021,865.76
OMXPI,3/17/2021,864
OMXPI,3/16/2021,870.93
OMXPI,3/15/2021,862.23
OMXPI,3/12/2021,864.21
OMXPI,3/11/2021,865.93
OMXPI,3/10/2021,851.84
OMXPI,3/9/2021,848.04
OMXPI,3/8/2021,838.1
OMXPI,3/5/2021,822.22
OMXPI,3/4/2021,830.16
OMXPI,3/3/2021,835.79
OMXPI,3/2/2021,834.03
OMXPI,3/1/2021,829.4
OMXPI,2/26/2021,810.78
OMXPI,2/25/2021,819.81
OMXPI,2/24/2021,818.17
OMXPI,2/23/2021,811.76
OMXPI,2/22/2021,819.99
OMXPI,2/19/2021,822.66
OMXPI,2/18/2021,813.46
OMXPI,2/17/2021,817.2
OMXPI,2/16/2021,824
OMXPI,2/15/2021,826.69
OMXPI,2/12/2021,820.33
OMXPI,2/11/2021,815.49
OMXPI,2/10/2021,808.57
OMXPI,2/9/2021,809.82
OMXPI,2/8/2021,813.4
OMXPI,2/5/2021,809.53
OMXPI,2/4/2021,815.69
OMXPI,2/3/2021,813.77
OMXPI,2/2/2021,810.4
OMXPI,2/1/2021,802.34
OMXPI,1/29/2021,787.87
OMXPI,1/28/2021,795.82
OMXPI,1/27/2021,796.35
OMXPI,1/26/2021,804.88
OMXPI,1/25/2021,795.65
OMXPI,1/22/2021,803.2
OMXPI,1/21/2021,804.55
OMXPI,1/20/2021,801.36
OMXPI,1/19/2021,794.15
OMXPI,1/18/2021,793.54
OMXPI,1/15/2021,790.13
OMXPI,1/14/2021,798.78
OMXPI,1/13/2021,794.21
OMXPI,1/12/2021,790.8
OMXPI,1/11/2021,786.09
OMXPI,1/8/2021,792.45
OMXPI,1/7/2021,786.92
OMXPI,1/5/2021,773.97
OMXPI,1/4/2021,775.29
OMXPI,12/30/2020,768.38
OMXPI,12/29/2020,774.15
OMXPI,12/28/2020,768.63
OMXPI,12/23/2020,760.34
OMXPI,12/22/2020,755.95
OMXPI,12/21/2020,748.53
OMXPI,12/18/2020,762.58
OMXPI,12/17/2020,761.97
OMXPI,12/16/2020,761.58
OMXPI,12/15/2020,759.76
OMXPI,12/14/2020,759.73
OMXPI,12/11/2020,756.67
OMXPI,12/10/2020,759.37
OMXPI,12/9/2020,764.35
OMXPI,12/8/2020,764.42
OMXPI,12/7/2020,756.75
OMXPI,12/4/2020,758.28
OMXPI,12/3/2020,758.4
OMXPI,12/2/2020,759.94
OMXPI,12/1/2020,760.81
OMXPI,11/30/2020,759.74
OMXPI,11/27/2020,762.42
OMXPI,11/26/2020,757.97
OMXPI,11/25/2020,756.24
OMXPI,11/24/2020,758.28
OMXPI,11/23/2020,755.75
OMXPI,11/20/2020,758.04
OMXPI,11/19/2020,754.09
OMXPI,11/18/2020,756.47
OMXPI,11/17/2020,755.15
OMXPI,11/16/2020,755.39
OMXPI,11/13/2020,747.71
OMXPI,11/12/2020,745.41
OMXPI,11/11/2020,749.82
OMXPI,11/10/2020,742.08
OMXPI,11/9/2020,747.23
OMXPI,11/6/2020,728.53
OMXPI,11/5/2020,729.37
OMXPI,11/4/2020,719.1
OMXPI,11/3/2020,703.99
OMXPI,11/2/2020,692.93
OMXPI,10/30/2020,683.51
OMXPI,10/29/2020,679.56
OMXPI,10/28/2020,681.08
OMXPI,10/27/2020,700.39
OMXPI,10/26/2020,703.73
OMXPI,10/23/2020,724.77
OMXPI,10/22/2020,724.14
OMXPI,10/21/2020,724.4
OMXPI,10/20/2020,734.78
OMXPI,10/19/2020,736.83
OMXPI,10/16/2020,735.09
OMXPI,10/15/2020,728.57
OMXPI,10/14/2020,739.9
OMXPI,10/13/2020,737.38
OMXPI,10/12/2020,743.82
OMXPI,10/9/2020,738.49
OMXPI,10/8/2020,737.85
OMXPI,10/7/2020,736.07
OMXPI,10/6/2020,735.44
OMXPI,10/5/2020,735.21
OMXPI,10/2/2020,725.75
OMXPI,10/1/2020,730.33
OMXPI,9/30/2020,728.7
OMXPI,9/29/2020,730.14
OMXPI,9/28/2020,728.65
OMXPI,9/25/2020,711.05
OMXPI,9/24/2020,707.75
OMXPI,9/23/2020,712.36
OMXPI,9/22/2020,708.58
OMXPI,9/21/2020,705.23
OMXPI,9/18/2020,729
OMXPI,9/17/2020,727.08
OMXPI,9/16/2020,727.53
OMXPI,9/15/2020,720.1
OMXPI,9/14/2020,712.95
OMXPI,9/11/2020,712.07
OMXPI,9/10/2020,710.87
OMXPI,9/9/2020,713.42
OMXPI,9/8/2020,702.26
OMXPI,9/7/2020,707.81
OMXPI,9/4/2020,692.49
OMXPI,9/3/2020,695.92
OMXPI,9/2/2020,705.44
OMXPI,9/1/2020,700.01
OMXPI,8/31/2020,698.47
OMXPI,8/28/2020,700.75
OMXPI,8/27/2020,706.1
OMXPI,8/26/2020,709.51
OMXPI,8/25/2020,702.87
OMXPI,8/24/2020,703.76
OMXPI,8/21/2020,693.58
OMXPI,8/20/2020,693.85
OMXPI,8/19/2020,701.67
OMXPI,8/18/2020,695.9
OMXPI,8/17/2020,701.63
OMXPI,8/14/2020,693.94
OMXPI,8/13/2020,705.37
OMXPI,8/12/2020,703.8
OMXPI,8/11/2020,703.11
OMXPI,8/10/2020,693.05
OMXPI,8/7/2020,692
OMXPI,8/6/2020,690.4
OMXPI,8/5/2020,691.27
OMXPI,8/4/2020,684.75
OMXPI,8/3/2020,688.61
OMXPI,7/31/2020,673.57
OMXPI,7/30/2020,675.05
OMXPI,7/29/2020,690.11
OMXPI,7/28/2020,686.23
OMXPI,7/27/2020,688.45
OMXPI,7/24/2020,685.15
OMXPI,7/23/2020,699.36
OMXPI,7/22/2020,698.48
OMXPI,7/21/2020,693.45
OMXPI,7/20/2020,697.23
OMXPI,7/17/2020,690.35
OMXPI,7/16/2020,684.84
OMXPI,7/15/2020,688.41
OMXPI,7/14/2020,676.46
OMXPI,7/13/2020,679.23
OMXPI,7/10/2020,668.09
OMXPI,7/9/2020,663.3
OMXPI,7/8/2020,668.67
OMXPI,7/7/2020,671.21
OMXPI,7/6/2020,673.72
OMXPI,7/3/2020,661.29
OMXPI,7/2/2020,662.7
OMXPI,7/1/2020,652.24
OMXPI,6/30/2020,646.58
OMXPI,6/29/2020,647.02
OMXPI,6/26/2020,644.67
OMXPI,6/25/2020,643.77
OMXPI,6/24/2020,639.16
OMXPI,6/23/2020,653.61
OMXPI,6/22/2020,645.57
OMXPI,6/18/2020,650.67
OMXPI,6/17/2020,652.5
OMXPI,6/16/2020,648.46
OMXPI,6/15/2020,628.34
OMXPI,6/12/2020,624.92
OMXPI,6/11/2020,624.71
OMXPI,6/10/2020,654.67
OMXPI,6/9/2020,657.11
OMXPI,6/8/2020,666.11
OMXPI,6/5/2020,671.83
OMXPI,6/4/2020,660.97
OMXPI,6/3/2020,662.84
OMXPI,6/2/2020,647.36
OMXPI,6/1/2020,639.87
OMXPI,5/29/2020,632.92
OMXPI,5/28/2020,637.39
OMXPI,5/27/2020,626.55
OMXPI,5/26/2020,623.89
OMXPI,5/25/2020,618.07
OMXPI,5/22/2020,605.41
OMXPI,5/20/2020,605.89
OMXPI,5/19/2020,605.52
OMXPI,5/18/2020,603.37
OMXPI,5/15/2020,577.91
OMXPI,5/14/2020,570.87
OMXPI,5/13/2020,588.44
OMXPI,5/12/2020,604.27
OMXPI,5/11/2020,600.47
OMXPI,5/8/2020,602.89
OMXPI,5/7/2020,592.28
OMXPI,5/6/2020,583.26
OMXPI,5/5/2020,587.48
OMXPI,5/4/2020,574.8
OMXPI,4/30/2020,601.86
OMXPI,4/29/2020,608.46
OMXPI,4/28/2020,596.33
OMXPI,4/27/2020,587.95
OMXPI,4/24/2020,580.44
OMXPI,4/23/2020,587.87
OMXPI,4/22/2020,580.73
OMXPI,4/21/2020,570.08
OMXPI,4/20/2020,585.25
OMXPI,4/17/2020,582.15
OMXPI,4/16/2020,563.59
OMXPI,4/15/2020,565.54
OMXPI,4/14/2020,586.92
OMXPI,4/9/2020,574.44
OMXPI,4/8/2020,572.78
OMXPI,4/7/2020,573.13
OMXPI,4/6/2020,553.39
OMXPI,4/3/2020,531.75
OMXPI,4/2/2020,536.48
OMXPI,4/1/2020,536.67
OMXPI,3/31/2020,555.6
OMXPI,3/30/2020,540.78
OMXPI,3/27/2020,529.96
OMXPI,3/26/2020,546.41
OMXPI,3/25/2020,535.84
OMXPI,3/24/2020,513.75
OMXPI,3/23/2020,478.95
OMXPI,3/20/2020,505.08
OMXPI,3/19/2020,505.54
OMXPI,3/18/2020,489.07
OMXPI,3/17/2020,505.7
OMXPI,3/16/2020,496.69
OMXPI,3/13/2020,521.32
OMXPI,3/12/2020,513.56
OMXPI,3/11/2020,577.91
OMXPI,3/10/2020,589.7
OMXPI,3/9/2020,594.75
OMXPI,3/6/2020,629.23
OMXPI,3/5/2020,650.47
OMXPI,3/4/2020,657.52
OMXPI,3/3/2020,653.85
OMXPI,3/2/2020,643.62
OMXPI,2/28/2020,640.58
OMXPI,2/27/2020,661.57
OMXPI,2/26/2020,687.01
OMXPI,2/25/2020,683.27
OMXPI,2/24/2020,694.81
OMXPI,2/21/2020,725.62
OMXPI,2/20/2020,732.16
OMXPI,2/19/2020,732.67
OMXPI,2/18/2020,724.08
OMXPI,2/17/2020,729.45
OMXPI,2/14/2020,727.74
OMXPI,2/13/2020,725.35
OMXPI,2/12/2020,724.66
OMXPI,2/11/2020,721.81
OMXPI,2/10/2020,711.51
OMXPI,2/7/2020,708.6
OMXPI,2/6/2020,711.14
OMXPI,2/5/2020,712.27
OMXPI,2/4/2020,703.46
OMXPI,2/3/2020,688.72
OMXPI,1/31/2020,689.06
OMXPI,1/30/2020,690.67
OMXPI,1/29/2020,693.57
OMXPI,1/28/2020,690.29
OMXPI,1/27/2020,685.48
OMXPI,1/24/2020,700.45
OMXPI,1/23/2020,693.2
OMXPI,1/22/2020,701.05
OMXPI,1/21/2020,704.42
OMXPI,1/20/2020,705.08
OMXPI,1/17/2020,704.96
OMXPI,1/16/2020,699.67
OMXPI,1/15/2020,690.37
OMXPI,1/14/2020,692.19
OMXPI,1/13/2020,692
OMXPI,1/10/2020,689.72
OMXPI,1/9/2020,691.76
OMXPI,1/8/2020,688.86
OMXPI,1/7/2020,689.23
OMXPI,1/3/2020,686.6
OMXPI,1/2/2020,693.56
OMXPI,12/30/2019,680.81
OMXPI,12/27/2019,688.74
OMXPI,12/23/2019,686.39
OMXPI,12/20/2019,685.06
OMXPI,12/19/2019,679.35
OMXPI,12/18/2019,678.79
OMXPI,12/17/2019,679.53
OMXPI,12/16/2019,677.28
OMXPI,12/13/2019,671.48
OMXPI,12/12/2019,667.55
OMXPI,12/11/2019,663.22
OMXPI,12/10/2019,661.27
OMXPI,12/9/2019,663.2
OMXPI,12/6/2019,663.79
OMXPI,12/5/2019,656.94
OMXPI,12/4/2019,656.69
OMXPI,12/3/2019,646.86
OMXPI,12/2/2019,650.83
OMXPI,11/29/2019,657.41
OMXPI,11/28/2019,657.66
OMXPI,11/27/2019,659.03
OMXPI,11/26/2019,660.52
OMXPI,11/25/2019,658.5
OMXPI,11/22/2019,651.98
OMXPI,11/21/2019,650.61
OMXPI,11/20/2019,654.43
OMXPI,11/19/2019,656.88
OMXPI,11/18/2019,656.73
OMXPI,11/15/2019,659.84
OMXPI,11/14/2019,659.6
OMXPI,11/13/2019,661.63
OMXPI,11/12/2019,664.42
OMXPI,11/11/2019,660.75
OMXPI,11/8/2019,662.09
OMXPI,11/7/2019,658.87
OMXPI,11/6/2019,658.21
OMXPI,11/5/2019,658.97
OMXPI,11/4/2019,659.93
OMXPI,11/1/2019,649.27
OMXPI,10/31/2019,647.49
OMXPI,10/30/2019,652.2
OMXPI,10/29/2019,649.53
OMXPI,10/28/2019,654.23
OMXPI,10/25/2019,650.98
OMXPI,10/24/2019,647.02
OMXPI,10/23/2019,643.32
OMXPI,10/22/2019,642.92
OMXPI,10/21/2019,642.16
OMXPI,10/18/2019,636.57
OMXPI,10/17/2019,633.43
OMXPI,10/16/2019,630.83
OMXPI,10/15/2019,630.34
OMXPI,10/14/2019,624.26
OMXPI,10/11/2019,623.83
OMXPI,10/10/2019,616.3
OMXPI,10/9/2019,613.95
OMXPI,10/8/2019,608.83
OMXPI,10/7/2019,612.5
OMXPI,10/4/2019,605.12
OMXPI,10/3/2019,602.23
OMXPI,10/2/2019,604.77
OMXPI,10/1/2019,620.25
OMXPI,9/30/2019,624.14
OMXPI,9/27/2019,622.69
OMXPI,9/26/2019,618.03
OMXPI,9/25/2019,613.69
OMXPI,9/24/2019,619.31
OMXPI,9/23/2019,619.99
OMXPI,9/20/2019,629.9
OMXPI,9/19/2019,630.41
OMXPI,9/18/2019,627.73
OMXPI,9/17/2019,623.96
OMXPI,9/16/2019,625.13
OMXPI,9/13/2019,628.57
OMXPI,9/12/2019,624.23
OMXPI,9/11/2019,619.96
OMXPI,9/10/2019,614.95
OMXPI,9/9/2019,612.83
OMXPI,9/6/2019,612.51
OMXPI,9/5/2019,610.41
OMXPI,9/4/2019,608.89
OMXPI,9/3/2019,604.2
OMXPI,9/2/2019,605.11
OMXPI,8/30/2019,606.59
OMXPI,8/29/2019,599.33
OMXPI,8/28/2019,590.02
OMXPI,8/27/2019,590.84
OMXPI,8/26/2019,587.37
OMXPI,8/23/2019,589.01
OMXPI,8/22/2019,593.79
OMXPI,8/21/2019,597.35
OMXPI,8/20/2019,593.03
OMXPI,8/19/2019,593.54
OMXPI,8/16/2019,585.76
OMXPI,8/15/2019,578.52
OMXPI,8/14/2019,580.05
OMXPI,8/13/2019,593.21
OMXPI,8/12/2019,591.69
OMXPI,8/9/2019,592.05
OMXPI,8/8/2019,598.37
OMXPI,8/7/2019,590.23
OMXPI,8/6/2019,588.69
OMXPI,8/5/2019,592.21
OMXPI,8/2/2019,606.02
OMXPI,8/1/2019,619.54
OMXPI,7/31/2019,615.13
OMXPI,7/30/2019,614.72
OMXPI,7/29/2019,618.8
OMXPI,7/26/2019,617.98
OMXPI,7/25/2019,616.94
OMXPI,7/24/2019,619.32
OMXPI,7/23/2019,622.77
OMXPI,7/22/2019,616.01
OMXPI,7/19/2019,615.8
OMXPI,7/18/2019,607.85
OMXPI,7/17/2019,613.38
OMXPI,7/16/2019,621.07
OMXPI,7/15/2019,623.6
OMXPI,7/12/2019,620.61
OMXPI,7/11/2019,616.59
OMXPI,7/10/2019,619.07
OMXPI,7/9/2019,620.77
OMXPI,7/8/2019,624.13
OMXPI,7/5/2019,620.68
OMXPI,7/4/2019,626.53
OMXPI,7/3/2019,624.91
OMXPI,7/2/2019,622.62
OMXPI,7/1/2019,620.82
OMXPI,6/28/2019,613.72
OMXPI,6/27/2019,611.35
OMXPI,6/26/2019,609.18
OMXPI,6/25/2019,611.24
OMXPI,6/24/2019,611.52
OMXPI,6/20/2019,617.34
OMXPI,6/19/2019,613.34
OMXPI,6/18/2019,613.44
OMXPI,6/17/2019,605.06
OMXPI,6/14/2019,605.75
OMXPI,6/13/2019,608.75
OMXPI,6/12/2019,606.1
OMXPI,6/11/2019,605.56
OMXPI,6/10/2019,599.86
OMXPI,6/7/2019,595.98
OMXPI,6/5/2019,587.62
OMXPI,6/4/2019,585.84
OMXPI,6/3/2019,577.59
OMXPI,5/31/2019,575.54
OMXPI,5/29/2019,584.61
OMXPI,5/28/2019,592.81
OMXPI,5/27/2019,593.06
OMXPI,5/24/2019,593.94
OMXPI,5/23/2019,591
OMXPI,5/22/2019,602.59
OMXPI,5/21/2019,604.2
OMXPI,5/20/2019,598.97
OMXPI,5/17/2019,605.37
OMXPI,5/16/2019,608.17
OMXPI,5/15/2019,599.65
OMXPI,5/14/2019,597.97
OMXPI,5/13/2019,590.73
OMXPI,5/10/2019,600.06
OMXPI,5/9/2019,596.75
OMXPI,5/8/2019,606.23
OMXPI,5/7/2019,603.64
OMXPI,5/6/2019,613.06
OMXPI,5/3/2019,620.9
OMXPI,5/2/2019,618.52
OMXPI,4/30/2019,622.11
OMXPI,4/29/2019,627.37
OMXPI,4/26/2019,626.37
OMXPI,4/25/2019,626.43
OMXPI,4/24/2019,623.01
OMXPI,4/23/2019,621.06
OMXPI,4/18/2019,619.71
OMXPI,4/17/2019,616.9
OMXPI,4/16/2019,614.11
OMXPI,4/15/2019,612.13
OMXPI,4/12/2019,612.18
OMXPI,4/11/2019,608.04
OMXPI,4/10/2019,608.34
OMXPI,4/9/2019,604.3
OMXPI,4/8/2019,607.78
OMXPI,4/5/2019,607.58
OMXPI,4/4/2019,605.76
OMXPI,4/3/2019,609.69
OMXPI,4/2/2019,600.42
OMXPI,4/1/2019,596.31
OMXPI,3/29/2019,586.63
OMXPI,3/28/2019,586.5
OMXPI,3/27/2019,586.75
OMXPI,3/26/2019,588.17
OMXPI,3/25/2019,586.88
OMXPI,3/22/2019,588.86
OMXPI,3/21/2019,598.37
OMXPI,3/20/2019,599.59
OMXPI,3/19/2019,602.53
OMXPI,3/18/2019,598.4
OMXPI,3/15/2019,595.93
OMXPI,3/14/2019,593.4
OMXPI,3/13/2019,588.12
OMXPI,3/12/2019,585.99
OMXPI,3/11/2019,586.13
OMXPI,3/8/2019,581.55
OMXPI,3/7/2019,582.62
OMXPI,3/6/2019,588.76
OMXPI,3/5/2019,593.7
OMXPI,3/4/2019,593.2
OMXPI,3/1/2019,589.42
OMXPI,2/28/2019,587.32
OMXPI,2/27/2019,589.34
OMXPI,2/26/2019,592.08
OMXPI,2/25/2019,591.49
OMXPI,2/22/2019,593.09
OMXPI,2/21/2019,588.23
OMXPI,2/20/2019,591.48
OMXPI,2/19/2019,589.85
OMXPI,2/18/2019,588.8
OMXPI,2/15/2019,587.71
OMXPI,2/14/2019,580.93
OMXPI,2/13/2019,579.67
OMXPI,2/12/2019,576.57
OMXPI,2/11/2019,574.18
OMXPI,2/8/2019,568.63
OMXPI,2/7/2019,569.54
OMXPI,2/6/2019,576.67
OMXPI,2/5/2019,574
OMXPI,2/4/2019,569.9
OMXPI,2/1/2019,568.09
OMXPI,1/31/2019,565.26
OMXPI,1/30/2019,564.2
OMXPI,1/29/2019,561.35
OMXPI,1/28/2019,556.39
OMXPI,1/25/2019,559.7
OMXPI,1/24/2019,555.89
OMXPI,1/23/2019,553.85
OMXPI,1/22/2019,557.22
OMXPI,1/21/2019,559.98
OMXPI,1/18/2019,561.12
OMXPI,1/17/2019,552.53
OMXPI,1/16/2019,550.48
OMXPI,1/15/2019,545.64
OMXPI,1/14/2019,545.35
OMXPI,1/11/2019,548.31
OMXPI,1/10/2019,549.09
OMXPI,1/9/2019,549.19
OMXPI,1/8/2019,544.43
OMXPI,1/7/2019,538.18
OMXPI,1/4/2019,534.74
OMXPI,1/3/2019,520.59
OMXPI,1/2/2019,525.81
OMXPI,12/28/2018,525.16
OMXPI,12/27/2018,515.36
OMXPI,12/21/2018,523.77
OMXPI,12/20/2018,527.07
OMXPI,12/19/2018,537.83
OMXPI,12/18/2018,536.28
OMXPI,12/17/2018,538.31
OMXPI,12/14/2018,545.09
OMXPI,12/13/2018,548.04
OMXPI,12/12/2018,552.14
OMXPI,12/11/2018,541.27
OMXPI,12/10/2018,530.68
OMXPI,12/7/2018,538.07
OMXPI,12/6/2018,532.24
OMXPI,12/5/2018,547.65
OMXPI,12/4/2018,556.02
OMXPI,12/3/2018,563.42
OMXPI,11/30/2018,558.5
OMXPI,11/29/2018,558.15
OMXPI,11/28/2018,552.53
OMXPI,11/27/2018,550.7
OMXPI,11/26/2018,551.5
OMXPI,11/23/2018,543.99
OMXPI,11/22/2018,541.26
OMXPI,11/21/2018,544.99
OMXPI,11/20/2018,537.82
OMXPI,11/19/2018,548.08
OMXPI,11/16/2018,554.36
OMXPI,11/15/2018,550.38
OMXPI,11/14/2018,555.55
OMXPI,11/13/2018,560.02
OMXPI,11/12/2018,560.4
OMXPI,11/9/2018,567
OMXPI,11/8/2018,569.68
OMXPI,11/7/2018,570.93
OMXPI,11/6/2018,568.91
OMXPI,11/5/2018,569.03
OMXPI,11/2/2018,574.86
OMXPI,11/1/2018,566.45
OMXPI,10/31/2018,568.43
OMXPI,10/30/2018,558.61
OMXPI,10/29/2018,554.5
OMXPI,10/26/2018,546.69
OMXPI,10/25/2018,551.8
OMXPI,10/24/2018,552.23
OMXPI,10/23/2018,554.12
OMXPI,10/22/2018,563.79
OMXPI,10/19/2018,565.96
OMXPI,10/18/2018,572.12
OMXPI,10/17/2018,572.41
OMXPI,10/16/2018,573.25
OMXPI,10/15/2018,565.5
OMXPI,10/12/2018,567.53
OMXPI,10/11/2018,571.53
OMXPI,10/10/2018,586.53
OMXPI,10/9/2018,598.21
OMXPI,10/8/2018,597.11
OMXPI,10/5/2018,602.63
OMXPI,10/4/2018,609.97
OMXPI,10/3/2018,617.46
OMXPI,10/2/2018,612.59
OMXPI,10/1/2018,614.96
OMXPI,9/28/2018,612.92
OMXPI,9/27/2018,616.51
OMXPI,9/26/2018,612.05
OMXPI,9/25/2018,612.27
OMXPI,9/24/2018,611.04
OMXPI,9/21/2018,613.35
OMXPI,9/20/2018,609.42
OMXPI,9/19/2018,605.16
OMXPI,9/18/2018,604.14
OMXPI,9/17/2018,608.59
OMXPI,9/14/2018,606.51
OMXPI,9/13/2018,602.01
OMXPI,9/12/2018,600.79
OMXPI,9/11/2018,599.38
OMXPI,9/10/2018,599.66
OMXPI,9/7/2018,597.81
OMXPI,9/6/2018,602.1
OMXPI,9/5/2018,602.64
OMXPI,9/4/2018,608.37
OMXPI,9/3/2018,613.61
OMXPI,8/31/2018,613.03
OMXPI,8/30/2018,616.37
OMXPI,8/29/2018,617.64
OMXPI,8/28/2018,616.66
OMXPI,8/27/2018,613.77
OMXPI,8/24/2018,607.6
OMXPI,8/23/2018,606.78
OMXPI,8/22/2018,606.31
OMXPI,8/21/2018,604
OMXPI,8/20/2018,602.05
OMXPI,8/17/2018,598.82
OMXPI,8/16/2018,594.55
OMXPI,8/15/2018,588.95
OMXPI,8/14/2018,594.07
OMXPI,8/13/2018,596.47
OMXPI,8/10/2018,598.66
OMXPI,8/9/2018,603.21
OMXPI,8/8/2018,600.76
OMXPI,8/7/2018,599.35
OMXPI,8/6/2018,595.72
OMXPI,8/3/2018,596.17
OMXPI,8/2/2018,592.25
OMXPI,8/1/2018,596.62
OMXPI,7/31/2018,597.47
OMXPI,7/30/2018,595.82
OMXPI,7/27/2018,596.65
OMXPI,7/26/2018,594.53
OMXPI,7/25/2018,590.27
OMXPI,7/24/2018,593.12
OMXPI,7/23/2018,585.65
OMXPI,7/20/2018,585.74
OMXPI,7/19/2018,586.37
OMXPI,7/18/2018,582.76
OMXPI,7/17/2018,578.15
OMXPI,7/16/2018,578.2
OMXPI,7/13/2018,576.93
OMXPI,7/12/2018,573.99
OMXPI,7/11/2018,568.7
OMXPI,7/10/2018,575.77
OMXPI,7/9/2018,571.66
OMXPI,7/6/2018,565.54
OMXPI,7/5/2018,564.26
OMXPI,7/4/2018,562.3
OMXPI,7/3/2018,567.53
OMXPI,7/2/2018,568.28
OMXPI,6/29/2018,573.97
OMXPI,6/28/2018,565.01
OMXPI,6/27/2018,568.78
OMXPI,6/26/2018,565.36
OMXPI,6/25/2018,566.94
OMXPI,6/21/2018,571.51
OMXPI,6/20/2018,578.11
OMXPI,6/19/2018,577.05
OMXPI,6/18/2018,577.27
OMXPI,6/15/2018,579.52
OMXPI,6/14/2018,585.58
OMXPI,6/13/2018,580.05
OMXPI,6/12/2018,580.44
OMXPI,6/11/2018,581.28
OMXPI,6/8/2018,577.62
OMXPI,6/7/2018,577.75
OMXPI,6/5/2018,578.06
OMXPI,6/4/2018,579.39
OMXPI,6/1/2018,579.07
OMXPI,5/31/2018,572.69
OMXPI,5/30/2018,574.92
OMXPI,5/29/2018,577.03
OMXPI,5/28/2018,580.9
OMXPI,5/25/2018,582.71
OMXPI,5/24/2018,583.46
OMXPI,5/23/2018,586.11
OMXPI,5/22/2018,593.22
OMXPI,5/21/2018,594.1
OMXPI,5/18/2018,591.31
OMXPI,5/17/2018,589.98
OMXPI,5/16/2018,585.88
OMXPI,5/15/2018,586.78
OMXPI,5/14/2018,584.3
OMXPI,5/11/2018,585.83
OMXPI,5/9/2018,589.15
OMXPI,5/8/2018,587.91
OMXPI,5/7/2018,584.38
OMXPI,5/4/2018,577.89
OMXPI,5/3/2018,576.37
OMXPI,5/2/2018,582.65
OMXPI,4/30/2018,577.45
OMXPI,4/27/2018,579.38
OMXPI,4/26/2018,578.31
OMXPI,4/25/2018,571.46
OMXPI,4/24/2018,576.69
OMXPI,4/23/2018,580.8
OMXPI,4/20/2018,576.01
OMXPI,4/19/2018,572.78
OMXPI,4/18/2018,569.69
OMXPI,4/17/2018,567.09
OMXPI,4/16/2018,560.13
OMXPI,4/13/2018,559.91
OMXPI,4/12/2018,557.36
OMXPI,4/11/2018,551.27
OMXPI,4/10/2018,557.94
OMXPI,4/9/2018,553.34
OMXPI,4/6/2018,553.7
OMXPI,4/5/2018,557.54
OMXPI,4/4/2018,546.21
OMXPI,4/3/2018,551.51
OMXPI,3/29/2018,559.67
OMXPI,3/28/2018,552.64
OMXPI,3/27/2018,552.16
OMXPI,3/26/2018,546.47
OMXPI,3/23/2018,551.82
OMXPI,3/22/2018,552.49
OMXPI,3/21/2018,563.81
OMXPI,3/20/2018,564.43
OMXPI,3/19/2018,563.27
OMXPI,3/16/2018,571.55
OMXPI,3/15/2018,577.49
OMXPI,3/14/2018,575.32
OMXPI,3/13/2018,573.95
OMXPI,3/12/2018,578.21
OMXPI,3/9/2018,576.61
OMXPI,3/8/2018,575.3
OMXPI,3/7/2018,567.46
OMXPI,3/6/2018,566.34
OMXPI,3/5/2018,561.69
OMXPI,3/2/2018,554.58
OMXPI,3/1/2018,565.3
OMXPI,2/28/2018,573.87
OMXPI,2/27/2018,575.85
OMXPI,2/26/2018,575.52
OMXPI,2/23/2018,572.45
OMXPI,2/22/2018,571.67
OMXPI,2/21/2018,571.63
OMXPI,2/20/2018,570.5
OMXPI,2/19/2018,564.38
OMXPI,2/16/2018,566.41
OMXPI,2/15/2018,560.96
OMXPI,2/14/2018,558.11
OMXPI,2/13/2018,551.55
OMXPI,2/12/2018,553.87
OMXPI,2/9/2018,546.24
OMXPI,2/8/2018,552.63
OMXPI,2/7/2018,563.95
OMXPI,2/6/2018,548.17
OMXPI,2/5/2018,559.76
OMXPI,2/2/2018,574.67
OMXPI,2/1/2018,581.12
OMXPI,1/31/2018,578.3
OMXPI,1/30/2018,580.43
OMXPI,1/29/2018,584.08
OMXPI,1/26/2018,585.49
OMXPI,1/25/2018,582.44
OMXPI,1/24/2018,591.32
OMXPI,1/23/2018,595.05
OMXPI,1/22/2018,592.26
OMXPI,1/19/2018,590.63
OMXPI,1/18/2018,587.65
OMXPI,1/17/2018,587.31
OMXPI,1/16/2018,587.66
OMXPI,1/15/2018,589.29
OMXPI,1/12/2018,589.59
OMXPI,1/11/2018,589.85
OMXPI,1/10/2018,589.07
OMXPI,1/9/2018,591.1
OMXPI,1/8/2018,586.53
OMXPI,1/5/2018,583.05
OMXPI,1/4/2018,579.36
OMXPI,1/3/2018,573.6
OMXPI,1/2/2018,569.8
OMXPI,12/29/2017,568.8
OMXPI,12/28/2017,571.9
OMXPI,12/27/2017,573.3
OMXPI,12/22/2017,575.65
OMXPI,12/21/2017,578.61
OMXPI,12/20/2017,574.28
OMXPI,12/19/2017,577.39
OMXPI,12/18/2017,578.94
OMXPI,12/15/2017,572.36
OMXPI,12/14/2017,576.36
OMXPI,12/13/2017,579.76
OMXPI,12/12/2017,581.01
OMXPI,12/11/2017,579.27
OMXPI,12/8/2017,576.14
OMXPI,12/7/2017,572.85
OMXPI,12/6/2017,571.38
OMXPI,12/5/2017,577.24
OMXPI,12/4/2017,578.05
OMXPI,12/1/2017,570.1
OMXPI,11/30/2017,575.8
OMXPI,11/29/2017,576.22
OMXPI,11/28/2017,578.58
OMXPI,11/27/2017,574.61
OMXPI,11/24/2017,577.11
OMXPI,11/23/2017,576.28
OMXPI,11/22/2017,577.87
OMXPI,11/21/2017,583.44
OMXPI,11/20/2017,578.99
OMXPI,11/17/2017,577.36
OMXPI,11/16/2017,581.97
OMXPI,11/15/2017,577.73
OMXPI,11/14/2017,579.12
OMXPI,11/13/2017,578.93
OMXPI,11/10/2017,582.08
OMXPI,11/9/2017,584.84
OMXPI,11/8/2017,592.44
OMXPI,11/7/2017,595.61
OMXPI,11/6/2017,598.7
OMXPI,11/3/2017,600.2
OMXPI,11/2/2017,597.41
OMXPI,11/1/2017,597.6
OMXPI,10/31/2017,597.16
OMXPI,10/30/2017,593.85
OMXPI,10/27/2017,595.29
OMXPI,10/26/2017,591.74
OMXPI,10/25/2017,587.82
OMXPI,10/24/2017,588.38
OMXPI,10/23/2017,591.86
OMXPI,10/20/2017,593.32
OMXPI,10/19/2017,587.46
OMXPI,10/18/2017,587.86
OMXPI,10/17/2017,585.08
OMXPI,10/16/2017,585.9
OMXPI,10/13/2017,587.7
OMXPI,10/12/2017,587.08
OMXPI,10/11/2017,585.61
OMXPI,10/10/2017,586.8
OMXPI,10/9/2017,588.03
OMXPI,10/6/2017,587.71
OMXPI,10/5/2017,590.5
OMXPI,10/4/2017,589.75
OMXPI,10/3/2017,589.72
OMXPI,10/2/2017,587.09
OMXPI,9/29/2017,585.67
OMXPI,9/28/2017,580.77
OMXPI,9/27/2017,579.55
OMXPI,9/26/2017,576.03
OMXPI,9/25/2017,574.82
OMXPI,9/22/2017,573.73
OMXPI,9/21/2017,572.2
OMXPI,9/20/2017,569.17
OMXPI,9/19/2017,568.97
OMXPI,9/18/2017,568.34
OMXPI,9/15/2017,566.77
OMXPI,9/14/2017,569.27
OMXPI,9/13/2017,566.64
OMXPI,9/12/2017,566.01
OMXPI,9/11/2017,563.57
OMXPI,9/8/2017,557.23
OMXPI,9/7/2017,557.1
OMXPI,9/6/2017,552.77
OMXPI,9/5/2017,554.97
OMXPI,9/4/2017,556.09
OMXPI,9/1/2017,559.23
OMXPI,8/31/2017,554.91
OMXPI,8/30/2017,550.46
OMXPI,8/29/2017,545.83
OMXPI,8/28/2017,551.56
OMXPI,8/25/2017,554.29
OMXPI,8/24/2017,552.57
OMXPI,8/23/2017,554.94
OMXPI,8/22/2017,555.61
OMXPI,8/21/2017,549.24
OMXPI,8/18/2017,551.72
OMXPI,8/17/2017,555.6
OMXPI,8/16/2017,559.31
OMXPI,8/15/2017,556.61
OMXPI,8/14/2017,560.62
OMXPI,8/11/2017,554.93
OMXPI,8/10/2017,561.29
OMXPI,8/9/2017,567.42
OMXPI,8/8/2017,571.22
OMXPI,8/7/2017,569.4
OMXPI,8/4/2017,568.35
OMXPI,8/3/2017,564.2
OMXPI,8/2/2017,564.94
OMXPI,8/1/2017,565.76
OMXPI,7/31/2017,559.45
OMXPI,7/28/2017,561.69
OMXPI,7/27/2017,566.59
OMXPI,7/26/2017,568.1
OMXPI,7/25/2017,564.86
OMXPI,7/24/2017,564.5
OMXPI,7/21/2017,569.47
OMXPI,7/20/2017,574.89
OMXPI,7/19/2017,578.54
OMXPI,7/18/2017,577.64
OMXPI,7/17/2017,587.11
OMXPI,7/14/2017,588.07
OMXPI,7/13/2017,586.62
OMXPI,7/12/2017,589
OMXPI,7/11/2017,579.32
OMXPI,7/10/2017,581.48
OMXPI,7/7/2017,578.99
OMXPI,7/6/2017,579.61
OMXPI,7/5/2017,582.95
OMXPI,7/4/2017,580.85
OMXPI,7/3/2017,583.37
OMXPI,6/30/2017,576.91
OMXPI,6/29/2017,579.01
OMXPI,6/28/2017,586.67
OMXPI,6/27/2017,587.07
OMXPI,6/26/2017,592.89
OMXPI,6/22/2017,594.26
OMXPI,6/21/2017,592.69
OMXPI,6/20/2017,594.75
OMXPI,6/19/2017,596.72
OMXPI,6/16/2017,591.91
OMXPI,6/15/2017,586.95
OMXPI,6/14/2017,592.65
OMXPI,6/13/2017,592.94
OMXPI,6/12/2017,588.6
OMXPI,6/9/2017,595.03
OMXPI,6/8/2017,591.28
OMXPI,6/7/2017,591.77
OMXPI,6/5/2017,590.56
OMXPI,6/2/2017,592.96
OMXPI,6/1/2017,590.15
OMXPI,5/31/2017,588.46
OMXPI,5/30/2017,588.27
OMXPI,5/29/2017,585.1
OMXPI,5/26/2017,586.77
OMXPI,5/24/2017,586.9
OMXPI,5/23/2017,586.68
OMXPI,5/22/2017,582.78
OMXPI,5/19/2017,582.53
OMXPI,5/18/2017,577.62
OMXPI,5/17/2017,583.71
OMXPI,5/16/2017,592.21
OMXPI,5/15/2017,591.15
OMXPI,5/12/2017,590.4
OMXPI,5/11/2017,589.88
OMXPI,5/10/2017,591.53
OMXPI,5/9/2017,592.8
OMXPI,5/8/2017,587.77
OMXPI,5/5/2017,588.72
OMXPI,5/4/2017,587.4
OMXPI,5/3/2017,585.4
OMXPI,5/2/2017,586.55
OMXPI,4/28/2017,582.7
OMXPI,4/27/2017,579.88
OMXPI,4/26/2017,580.83
OMXPI,4/25/2017,578.81
OMXPI,4/24/2017,574.7
OMXPI,4/21/2017,564.02
OMXPI,4/20/2017,563.09
OMXPI,4/19/2017,562.24
OMXPI,4/18/2017,559.46
OMXPI,4/13/2017,563.03
OMXPI,4/12/2017,563.54
OMXPI,4/11/2017,561.25
OMXPI,4/10/2017,562.12
OMXPI,4/7/2017,560.81
OMXPI,4/6/2017,558.64
OMXPI,4/5/2017,556.72
OMXPI,4/4/2017,557.92
OMXPI,4/3/2017,558.53
OMXPI,3/31/2017,562.94
OMXPI,3/30/2017,560.62
OMXPI,3/29/2017,560.19
OMXPI,3/28/2017,557.79
OMXPI,3/27/2017,555.61
OMXPI,3/24/2017,557.97
OMXPI,3/23/2017,559.12
OMXPI,3/22/2017,552.97
OMXPI,3/21/2017,556.45
OMXPI,3/20/2017,561.36
OMXPI,3/17/2017,561.5
OMXPI,3/16/2017,562.63
OMXPI,3/15/2017,560.86
OMXPI,3/14/2017,559.94
OMXPI,3/13/2017,562.65
OMXPI,3/10/2017,560.21
OMXPI,3/9/2017,559.15
OMXPI,3/8/2017,557.94
OMXPI,3/7/2017,557.64
OMXPI,3/6/2017,557.92
OMXPI,3/3/2017,559.59
OMXPI,3/2/2017,560.45
OMXPI,3/1/2017,563.92
OMXPI,2/28/2017,557.33
OMXPI,2/27/2017,555.09
OMXPI,2/24/2017,556.68
OMXPI,2/23/2017,563.04
OMXPI,2/22/2017,561.6
OMXPI,2/21/2017,563.72
OMXPI,2/20/2017,559.32
OMXPI,2/17/2017,556.89
OMXPI,2/16/2017,558.75
OMXPI,2/15/2017,557.74
OMXPI,2/14/2017,555.95
OMXPI,2/13/2017,555.84
OMXPI,2/10/2017,552.68
OMXPI,2/9/2017,551.19
OMXPI,2/8/2017,549.04
OMXPI,2/7/2017,548.75
OMXPI,2/6/2017,547.15
OMXPI,2/3/2017,549.61
OMXPI,2/2/2017,548.06
OMXPI,2/1/2017,545.58
OMXPI,1/31/2017,541.48
OMXPI,1/30/2017,539.33
OMXPI,1/27/2017,542.75
OMXPI,1/26/2017,546.36
OMXPI,1/25/2017,543.49
OMXPI,1/24/2017,537.02
OMXPI,1/23/2017,531.67
OMXPI,1/20/2017,537.42
OMXPI,1/19/2017,534.07
OMXPI,1/18/2017,534.48
OMXPI,1/17/2017,531.91
OMXPI,1/16/2017,534.17
OMXPI,1/13/2017,536.65
OMXPI,1/12/2017,531.09
OMXPI,1/11/2017,533.94
OMXPI,1/10/2017,533.28
OMXPI,1/9/2017,532.81
OMXPI,1/5/2017,536.2
OMXPI,1/4/2017,538.72
OMXPI,1/3/2017,539.74
OMXPI,1/2/2017,538.38
OMXPI,12/30/2016,534.56
OMXPI,12/29/2016,533.99
OMXPI,12/28/2016,536.19
OMXPI,12/27/2016,537.73
OMXPI,12/23/2016,534.67
OMXPI,12/22/2016,532.1
OMXPI,12/21/2016,533.99
OMXPI,12/20/2016,536.61
OMXPI,12/19/2016,538.24
OMXPI,12/16/2016,538.93
OMXPI,12/15/2016,539.52
OMXPI,12/14/2016,535.96
OMXPI,12/13/2016,538.31
OMXPI,12/12/2016,533.82
OMXPI,12/9/2016,534.28
OMXPI,12/8/2016,528.66
OMXPI,12/7/2016,523.76
OMXPI,12/6/2016,520.8
OMXPI,12/5/2016,518.39
OMXPI,12/2/2016,514.43
OMXPI,12/1/2016,517.26
OMXPI,11/30/2016,519.1
OMXPI,11/29/2016,515.18
OMXPI,11/28/2016,516.42
OMXPI,11/25/2016,521.23
OMXPI,11/24/2016,519.24
OMXPI,11/23/2016,518.39
OMXPI,11/22/2016,518.84
OMXPI,11/21/2016,517.1
OMXPI,11/18/2016,516.84
OMXPI,11/17/2016,514.25
OMXPI,11/16/2016,509.86
OMXPI,11/15/2016,511.35
OMXPI,11/14/2016,504.44
OMXPI,11/11/2016,506.67
OMXPI,11/10/2016,510.88
OMXPI,11/9/2016,510.32
OMXPI,11/8/2016,506.38
OMXPI,11/7/2016,504.65
OMXPI,11/4/2016,496.66
OMXPI,11/3/2016,502.02
OMXPI,11/2/2016,501.32
OMXPI,11/1/2016,506.16
OMXPI,10/31/2016,511.88
OMXPI,10/28/2016,516.78
OMXPI,10/27/2016,516.43
OMXPI,10/26/2016,516.69
OMXPI,10/25/2016,517.32
OMXPI,10/24/2016,519.54
OMXPI,10/21/2016,521.81
OMXPI,10/20/2016,522.29
OMXPI,10/19/2016,519.31
OMXPI,10/18/2016,519.51
OMXPI,10/17/2016,512.79
OMXPI,10/14/2016,516.11
OMXPI,10/13/2016,510.5
OMXPI,10/12/2016,514.59
OMXPI,10/11/2016,519.08
OMXPI,10/10/2016,522.97
OMXPI,10/7/2016,518.21
OMXPI,10/6/2016,520.96
OMXPI,10/5/2016,521.13
OMXPI,10/4/2016,522.62
OMXPI,10/3/2016,519.26
OMXPI,9/30/2016,517.83
OMXPI,9/29/2016,516.29
OMXPI,9/28/2016,514.01
OMXPI,9/27/2016,512.28
OMXPI,9/26/2016,511.14
OMXPI,9/23/2016,517.12
OMXPI,9/22/2016,519.7
OMXPI,9/21/2016,511.87
OMXPI,9/20/2016,510.86
OMXPI,9/19/2016,511.47
OMXPI,9/16/2016,506.29
OMXPI,9/15/2016,508.89
OMXPI,9/14/2016,506.22
OMXPI,9/13/2016,506.03
OMXPI,9/12/2016,508.25
OMXPI,9/9/2016,512
OMXPI,9/8/2016,516.86
OMXPI,9/7/2016,517.75
OMXPI,9/6/2016,515.31
OMXPI,9/5/2016,516.33
OMXPI,9/2/2016,514.42
OMXPI,9/1/2016,508.27
OMXPI,8/31/2016,508.66
OMXPI,8/30/2016,509.74
OMXPI,8/29/2016,507.72
OMXPI,8/26/2016,507.22
OMXPI,8/25/2016,504.2
OMXPI,8/24/2016,506.45
OMXPI,8/23/2016,504.29
OMXPI,8/22/2016,499.21
OMXPI,8/19/2016,499.65
OMXPI,8/18/2016,502.57
OMXPI,8/17/2016,498.47
OMXPI,8/16/2016,503.55
OMXPI,8/15/2016,508.5
OMXPI,8/12/2016,505.97
OMXPI,8/11/2016,506.72
OMXPI,8/10/2016,503.58
OMXPI,8/9/2016,505.19
OMXPI,8/8/2016,496.91
OMXPI,8/5/2016,494.98
OMXPI,8/4/2016,490.15
OMXPI,8/3/2016,485.25
OMXPI,8/2/2016,488.02
OMXPI,8/1/2016,494.47
OMXPI,7/29/2016,496.47
OMXPI,7/28/2016,494.88
OMXPI,7/27/2016,496.44
OMXPI,7/26/2016,494.3
OMXPI,7/25/2016,495.02
OMXPI,7/22/2016,491.57
OMXPI,7/21/2016,493.1
OMXPI,7/20/2016,495.08
OMXPI,7/19/2016,490.14
OMXPI,7/18/2016,488.76
OMXPI,7/15/2016,488.98
OMXPI,7/14/2016,487
OMXPI,7/13/2016,484.49
OMXPI,7/12/2016,483.21
OMXPI,7/11/2016,481.58
OMXPI,7/8/2016,473.16
OMXPI,7/7/2016,465.96
OMXPI,7/6/2016,459.48
OMXPI,7/5/2016,465.77
OMXPI,7/4/2016,472.87
OMXPI,7/1/2016,477.09
OMXPI,6/30/2016,470.87
OMXPI,6/29/2016,465.73
OMXPI,6/28/2016,454.95
OMXPI,6/27/2016,445
OMXPI,6/23/2016,482.41
OMXPI,6/22/2016,479.29
OMXPI,6/21/2016,476.54
OMXPI,6/20/2016,474.33
OMXPI,6/17/2016,460.68
OMXPI,6/16/2016,454.01
OMXPI,6/15/2016,462.8
OMXPI,6/14/2016,455.33
OMXPI,6/13/2016,462.85
OMXPI,6/10/2016,470.99
OMXPI,6/9/2016,481.3
OMXPI,6/8/2016,486.16
OMXPI,6/7/2016,487.3
OMXPI,6/3/2016,480.68
OMXPI,6/2/2016,485.01
OMXPI,6/1/2016,484.15
OMXPI,5/31/2016,488.45
OMXPI,5/30/2016,490.11
OMXPI,5/27/2016,489.19
OMXPI,5/26/2016,488.49
OMXPI,5/25/2016,485.84
OMXPI,5/24/2016,482.89
OMXPI,5/23/2016,478.25
OMXPI,5/20/2016,478.09
OMXPI,5/19/2016,471.44
OMXPI,5/18/2016,477.13
OMXPI,5/17/2016,475.02
OMXPI,5/16/2016,475.76
OMXPI,5/13/2016,472.42
OMXPI,5/12/2016,468.19
OMXPI,5/11/2016,472.07
OMXPI,5/10/2016,474.02
OMXPI,5/9/2016,473.27
OMXPI,5/6/2016,467.71
OMXPI,5/4/2016,469.52
OMXPI,5/3/2016,473.68
OMXPI,5/2/2016,478.5
OMXPI,4/29/2016,480.5
OMXPI,4/28/2016,489.44
OMXPI,4/27/2016,489.36
OMXPI,4/26/2016,489.46
OMXPI,4/25/2016,488.7
OMXPI,4/22/2016,490.1
OMXPI,4/21/2016,494.98
OMXPI,4/20/2016,497.89
OMXPI,4/19/2016,495.75
OMXPI,4/18/2016,486.67
OMXPI,4/15/2016,486.49
OMXPI,4/14/2016,487.63
OMXPI,4/13/2016,490.12
OMXPI,4/12/2016,482.92
OMXPI,4/11/2016,483.76
OMXPI,4/8/2016,482.6
OMXPI,4/7/2016,472.48
OMXPI,4/6/2016,478.64
OMXPI,4/5/2016,473.79
OMXPI,4/4/2016,481.71
OMXPI,4/1/2016,481.33
OMXPI,3/31/2016,483.41
OMXPI,3/30/2016,485.96
OMXPI,3/29/2016,476.42
OMXPI,3/24/2016,475.89
OMXPI,3/23/2016,481.45
OMXPI,3/22/2016,483.88
OMXPI,3/21/2016,482.31
OMXPI,3/18/2016,485.2
OMXPI,3/17/2016,484.36
OMXPI,3/16/2016,485.22
OMXPI,3/15/2016,487.46
OMXPI,3/14/2016,492.47
OMXPI,3/11/2016,490.21
OMXPI,3/10/2016,480.23
OMXPI,3/9/2016,484.22
OMXPI,3/8/2016,481.88
OMXPI,3/7/2016,485.08
OMXPI,3/4/2016,487
OMXPI,3/3/2016,482.06
OMXPI,3/2/2016,481.49
OMXPI,3/1/2016,484.61
OMXPI,2/29/2016,478.52
OMXPI,2/26/2016,477.08
OMXPI,2/25/2016,474.06
OMXPI,2/24/2016,464.28
OMXPI,2/23/2016,475.24
OMXPI,2/22/2016,481.08
OMXPI,2/19/2016,471.83
OMXPI,2/18/2016,474.12
OMXPI,2/17/2016,474.77
OMXPI,2/16/2016,459.8
OMXPI,2/15/2016,462.14
OMXPI,2/12/2016,446.88
OMXPI,2/11/2016,435.21
OMXPI,2/10/2016,447.49
OMXPI,2/9/2016,438.9
OMXPI,2/8/2016,440.45
OMXPI,2/5/2016,460.22
OMXPI,2/4/2016,461.55
OMXPI,2/3/2016,454.51
OMXPI,2/2/2016,459.21
OMXPI,2/1/2016,466.52
OMXPI,1/29/2016,469.4
OMXPI,1/28/2016,462.84
OMXPI,1/27/2016,471.05
OMXPI,1/26/2016,473.87
OMXPI,1/25/2016,467.82
OMXPI,1/22/2016,469.16
OMXPI,1/21/2016,453.48
OMXPI,1/20/2016,446.99
OMXPI,1/19/2016,460.9
OMXPI,1/18/2016,452.65
OMXPI,1/15/2016,453.37
OMXPI,1/14/2016,465.62
OMXPI,1/13/2016,474.23
OMXPI,1/12/2016,472.42
OMXPI,1/11/2016,470.83
OMXPI,1/8/2016,471.97
OMXPI,1/7/2016,475.51
OMXPI,1/5/2016,486.55
OMXPI,1/4/2016,489.17
OMXPI,12/30/2015,505.13
OMXPI,12/29/2015,505.7
OMXPI,12/28/2015,499.7
OMXPI,12/23/2015,502.81
OMXPI,12/22/2015,492.81
OMXPI,12/21/2015,494.34
OMXPI,12/18/2015,495.47
OMXPI,12/17/2015,500.12
OMXPI,12/16/2015,495.85
OMXPI,12/15/2015,494.86
OMXPI,12/14/2015,483.56
OMXPI,12/11/2015,488.18
OMXPI,12/10/2015,498.89
OMXPI,12/9/2015,501.49
OMXPI,12/8/2015,505.29
OMXPI,12/7/2015,517.38
OMXPI,12/4/2015,514.02
OMXPI,12/3/2015,519.17
OMXPI,12/2/2015,528.37
OMXPI,12/1/2015,526.22
OMXPI,11/30/2015,526.6
OMXPI,11/27/2015,520.96
OMXPI,11/26/2015,520.24
OMXPI,11/25/2015,516.38
OMXPI,11/24/2015,510.78
OMXPI,11/23/2015,519.46
OMXPI,11/20/2015,520.25
OMXPI,11/19/2015,517.61
OMXPI,11/18/2015,517.06
OMXPI,11/17/2015,516.73
OMXPI,11/16/2015,506.67
OMXPI,11/13/2015,504.75
OMXPI,11/12/2015,508.94
OMXPI,11/11/2015,515.59
OMXPI,11/10/2015,511.46
OMXPI,11/9/2015,515.56
OMXPI,11/6/2015,519.26
OMXPI,11/5/2015,517.8
OMXPI,11/4/2015,518.88
OMXPI,11/3/2015,512.32
OMXPI,11/2/2015,510.18
OMXPI,10/30/2015,508.1
OMXPI,10/29/2015,506.33
OMXPI,10/28/2015,506.49
OMXPI,10/27/2015,503.91
OMXPI,10/26/2015,507.67
OMXPI,10/23/2015,506.97
OMXPI,10/22/2015,499.82
OMXPI,10/21/2015,490.46
OMXPI,10/20/2015,493.19
OMXPI,10/19/2015,489.9
OMXPI,10/16/2015,488.02
OMXPI,10/15/2015,488.72
OMXPI,10/14/2015,485.23
OMXPI,10/13/2015,490.42
OMXPI,10/12/2015,496.71
OMXPI,10/9/2015,496.99
OMXPI,10/8/2015,491.08
OMXPI,10/7/2015,487.54
OMXPI,10/6/2015,489.43
OMXPI,10/5/2015,488.64
OMXPI,10/2/2015,474.42
OMXPI,10/1/2015,472.29
OMXPI,9/30/2015,475.68
OMXPI,9/29/2015,466.99
OMXPI,9/28/2015,466.45
OMXPI,9/25/2015,475.29
OMXPI,9/24/2015,463.91
OMXPI,9/23/2015,476.75
OMXPI,9/22/2015,476.58
OMXPI,9/21/2015,488.05
OMXPI,9/18/2015,484.72
OMXPI,9/17/2015,493.77
OMXPI,9/16/2015,492.86
OMXPI,9/15/2015,488.26
OMXPI,9/14/2015,488.61
OMXPI,9/11/2015,495.21
OMXPI,9/10/2015,497.27
OMXPI,9/9/2015,501.44
OMXPI,9/8/2015,495.31
OMXPI,9/7/2015,489.98
OMXPI,9/4/2015,486.76
OMXPI,9/3/2015,498.17
OMXPI,9/2/2015,488.04
OMXPI,9/1/2015,487.37
OMXPI,8/31/2015,497.82
OMXPI,8/28/2015,499.26
OMXPI,8/27/2015,497.44
OMXPI,8/26/2015,483.81
OMXPI,8/25/2015,489.57
OMXPI,8/24/2015,472.17
OMXPI,8/21/2015,494.65
OMXPI,8/20/2015,507.49
OMXPI,8/19/2015,514.68
OMXPI,8/18/2015,524.56
OMXPI,8/17/2015,526.68
OMXPI,8/14/2015,525.24
OMXPI,8/13/2015,526.7
OMXPI,8/12/2015,520.23
OMXPI,8/11/2015,532.43
OMXPI,8/10/2015,538.47
OMXPI,8/7/2015,530.28
OMXPI,8/6/2015,533.36
OMXPI,8/5/2015,534.66
OMXPI,8/4/2015,529.67
OMXPI,8/3/2015,531.39
OMXPI,7/31/2015,529.8
OMXPI,7/30/2015,526.52
OMXPI,7/29/2015,524.74
OMXPI,7/28/2015,521.69
OMXPI,7/27/2015,519.17
OMXPI,7/24/2015,529.8
OMXPI,7/23/2015,532.11
OMXPI,7/22/2015,532.01
OMXPI,7/21/2015,537.3
OMXPI,7/20/2015,541.6
OMXPI,7/17/2015,535.72
OMXPI,7/16/2015,535.98
OMXPI,7/15/2015,525.37
OMXPI,7/14/2015,529.84
OMXPI,7/13/2015,530.02
OMXPI,7/10/2015,521.74
OMXPI,7/9/2015,509.42
OMXPI,7/8/2015,499.51
OMXPI,7/7/2015,498.33
OMXPI,7/6/2015,502.16
OMXPI,7/3/2015,510.2
OMXPI,7/2/2015,512.1
OMXPI,7/1/2015,515.51
OMXPI,6/30/2015,504.87
OMXPI,6/29/2015,509.64
OMXPI,6/26/2015,524.37
OMXPI,6/25/2015,522.13
OMXPI,6/24/2015,524.46
OMXPI,6/23/2015,527.76
OMXPI,6/22/2015,522.68
OMXPI,6/18/2015,509.89
OMXPI,6/17/2015,511.63
OMXPI,6/16/2015,516.45
OMXPI,6/15/2015,511.15
OMXPI,6/12/2015,521.97
OMXPI,6/11/2015,525.14
OMXPI,6/10/2015,526.23
OMXPI,6/9/2015,519.27
OMXPI,6/8/2015,520.15
OMXPI,6/5/2015,525.73
OMXPI,6/4/2015,532.1
OMXPI,6/3/2015,537.87
OMXPI,6/2/2015,536.78
OMXPI,6/1/2015,540.75
OMXPI,5/29/2015,539.55
OMXPI,5/28/2015,546.34
OMXPI,5/27/2015,545.87
OMXPI,5/26/2015,538.55
OMXPI,5/25/2015,542.61
OMXPI,5/22/2015,541.98
OMXPI,5/21/2015,540.42
OMXPI,5/20/2015,538.92
OMXPI,5/19/2015,538.54
OMXPI,5/18/2015,533.99
OMXPI,5/15/2015,531.88
OMXPI,5/13/2015,531.55
OMXPI,5/12/2015,526.15
OMXPI,5/11/2015,532.29
OMXPI,5/8/2015,531.81
OMXPI,5/7/2015,522.95
OMXPI,5/6/2015,522.65
OMXPI,5/5/2015,527.78
OMXPI,5/4/2015,539.77
OMXPI,4/30/2015,537.58
OMXPI,4/29/2015,538.96
OMXPI,4/28/2015,552.63
OMXPI,4/27/2015,564.9
OMXPI,4/24/2015,557.31
OMXPI,4/23/2015,554.2
OMXPI,4/22/2015,559.01
OMXPI,4/21/2015,556.19
OMXPI,4/20/2015,550.32
OMXPI,4/17/2015,543.89
OMXPI,4/16/2015,554.6
OMXPI,4/15/2015,560.55
OMXPI,4/14/2015,557.86
OMXPI,4/13/2015,557.13
OMXPI,4/10/2015,556.17
OMXPI,4/9/2015,554.54
OMXPI,4/8/2015,550.55
OMXPI,4/7/2015,553.2
OMXPI,4/2/2015,546
OMXPI,4/1/2015,543.67
OMXPI,3/31/2015,542.91
OMXPI,3/30/2015,546.84
OMXPI,3/27/2015,538.77
OMXPI,3/26/2015,541.57
OMXPI,3/25/2015,547.78
OMXPI,3/24/2015,549.94
OMXPI,3/23/2015,548.04
OMXPI,3/20/2015,551.9
OMXPI,3/19/2015,550.35
OMXPI,3/18/2015,548.46
OMXPI,3/17/2015,540.26
OMXPI,3/16/2015,544.5
OMXPI,3/13/2015,537.55
OMXPI,3/12/2015,535.75
OMXPI,3/11/2015,535.87
OMXPI,3/10/2015,529.35
OMXPI,3/9/2015,535.53
OMXPI,3/6/2015,536.8
OMXPI,3/5/2015,539.68
OMXPI,3/4/2015,537.21
OMXPI,3/3/2015,538.33
OMXPI,3/2/2015,546.72
OMXPI,2/27/2015,548.64
OMXPI,2/26/2015,547.05
OMXPI,2/25/2015,545.15
OMXPI,2/24/2015,546.17
OMXPI,2/23/2015,544.71
OMXPI,2/20/2015,540.01
OMXPI,2/19/2015,539.95
OMXPI,2/18/2015,537.31
OMXPI,2/17/2015,530.04
OMXPI,2/16/2015,534.78
OMXPI,2/13/2015,533.88
OMXPI,2/12/2015,528.9
OMXPI,2/11/2015,518.12
OMXPI,2/10/2015,520.41
OMXPI,2/9/2015,516.16
OMXPI,2/6/2015,518.35
OMXPI,2/5/2015,514.09
OMXPI,2/4/2015,510.77
OMXPI,2/3/2015,513.9
OMXPI,2/2/2015,509.01
OMXPI,1/30/2015,507.83
OMXPI,1/29/2015,506.21
OMXPI,1/28/2015,503.7
OMXPI,1/27/2015,495.55
OMXPI,1/26/2015,502.48
OMXPI,1/23/2015,496.68
OMXPI,1/22/2015,492.7
OMXPI,1/21/2015,486.16
OMXPI,1/20/2015,483.49
OMXPI,1/19/2015,479.02
OMXPI,1/16/2015,476.46
OMXPI,1/15/2015,473.76
OMXPI,1/14/2015,467.44
OMXPI,1/13/2015,476.83
OMXPI,1/12/2015,473.51
OMXPI,1/9/2015,470.32
OMXPI,1/8/2015,473.61
OMXPI,1/7/2015,462.48
OMXPI,1/5/2015,472.79
OMXPI,1/2/2015,474.54
OMXPI,12/30/2014,473.89
OMXPI,12/29/2014,477.88
OMXPI,12/23/2014,475.54
OMXPI,12/22/2014,472.87
OMXPI,12/19/2014,469.63
OMXPI,12/18/2014,466.27
OMXPI,12/17/2014,454.66
OMXPI,12/16/2014,456.29
OMXPI,12/15/2014,455.55
OMXPI,12/12/2014,460.39
OMXPI,12/11/2014,468.34
OMXPI,12/10/2014,468.47
OMXPI,12/9/2014,467.57
OMXPI,12/8/2014,472.65
OMXPI,12/5/2014,474.32
OMXPI,12/4/2014,466.54
OMXPI,12/3/2014,471.31
OMXPI,12/2/2014,466.46
OMXPI,12/1/2014,466.4
OMXPI,11/28/2014,469.23
OMXPI,11/27/2014,470.99
OMXPI,11/26/2014,468.58
OMXPI,11/25/2014,471.48
OMXPI,11/24/2014,468.18
OMXPI,11/21/2014,465.3
OMXPI,11/20/2014,458.38
OMXPI,11/19/2014,459.55
OMXPI,11/18/2014,460.79
OMXPI,11/17/2014,457.32
OMXPI,11/14/2014,456.56
OMXPI,11/13/2014,458.23
OMXPI,11/12/2014,454.54
OMXPI,11/11/2014,458.8
OMXPI,11/10/2014,456.67
OMXPI,11/7/2014,454.19
OMXPI,11/6/2014,455.19
OMXPI,11/5/2014,454.67
OMXPI,11/4/2014,450.56
OMXPI,11/3/2014,450.37
OMXPI,10/31/2014,454.09
OMXPI,10/30/2014,448.62
OMXPI,10/29/2014,446.56
OMXPI,10/28/2014,443.64
OMXPI,10/27/2014,436.67
OMXPI,10/24/2014,436.11
OMXPI,10/23/2014,437.12
OMXPI,10/22/2014,431.67
OMXPI,10/21/2014,427.49
OMXPI,10/20/2014,417.33
OMXPI,10/17/2014,418.02
OMXPI,10/16/2014,405.6
OMXPI,10/15/2014,405.51
OMXPI,10/14/2014,416.79
OMXPI,10/13/2014,412.26
OMXPI,10/10/2014,415.02
OMXPI,10/9/2014,421.49
OMXPI,10/8/2014,424.25
OMXPI,10/7/2014,426.5
OMXPI,10/6/2014,435.8
OMXPI,10/3/2014,437.09
OMXPI,10/2/2014,432.48
OMXPI,10/1/2014,441.14
OMXPI,9/30/2014,447.54
OMXPI,9/29/2014,444.69
OMXPI,9/26/2014,445.85
OMXPI,9/25/2014,444.83
OMXPI,9/24/2014,449.99
OMXPI,9/23/2014,448.85
OMXPI,9/22/2014,453.06
OMXPI,9/19/2014,453.95
OMXPI,9/18/2014,453.02
OMXPI,9/17/2014,450.56
OMXPI,9/16/2014,447.07
OMXPI,9/15/2014,447.16
OMXPI,9/12/2014,446.47
OMXPI,9/11/2014,444.59
OMXPI,9/10/2014,446.15
OMXPI,9/9/2014,445.83
OMXPI,9/8/2014,448.66
OMXPI,9/5/2014,447.99
OMXPI,9/4/2014,451.02
OMXPI,9/3/2014,451.17
OMXPI,9/2/2014,447.89
OMXPI,9/1/2014,447.6
OMXPI,8/29/2014,448.31
OMXPI,8/28/2014,447.29
OMXPI,8/27/2014,451.79
OMXPI,8/26/2014,451.17
OMXPI,8/25/2014,450
OMXPI,8/22/2014,446.3
OMXPI,8/21/2014,447.16
OMXPI,8/20/2014,443.91
OMXPI,8/19/2014,444.64
OMXPI,8/18/2014,442.14
OMXPI,8/15/2014,437.04
OMXPI,8/14/2014,437.62
OMXPI,8/13/2014,439.4
OMXPI,8/12/2014,436.52
OMXPI,8/11/2014,438.09
OMXPI,8/8/2014,429.93
OMXPI,8/7/2014,431.81
OMXPI,8/6/2014,434.82
OMXPI,8/5/2014,441.8
OMXPI,8/4/2014,440.16
OMXPI,8/1/2014,440.12
OMXPI,7/31/2014,446.05
OMXPI,7/30/2014,451.46
OMXPI,7/29/2014,452.02
OMXPI,7/28/2014,452.56
OMXPI,7/25/2014,453.79
OMXPI,7/24/2014,454.54
OMXPI,7/23/2014,452.43
OMXPI,7/22/2014,452.24
OMXPI,7/21/2014,448.24
OMXPI,7/18/2014,449.86
OMXPI,7/17/2014,448.11
OMXPI,7/16/2014,452.62
OMXPI,7/15/2014,447.38
OMXPI,7/14/2014,451.03
OMXPI,7/11/2014,444.86
OMXPI,7/10/2014,444.09
OMXPI,7/9/2014,450.83
OMXPI,7/8/2014,451.68
OMXPI,7/7/2014,456.56
OMXPI,7/4/2014,457.92
OMXPI,7/3/2014,460.15
OMXPI,7/2/2014,452.74
OMXPI,7/1/2014,451.19
OMXPI,6/30/2014,449.01
OMXPI,6/27/2014,449.13
OMXPI,6/26/2014,447
OMXPI,6/25/2014,448.59
OMXPI,6/24/2014,454.25
OMXPI,6/23/2014,453.27
OMXPI,6/19/2014,450.18
OMXPI,6/18/2014,447.53
OMXPI,6/17/2014,448.63
OMXPI,6/16/2014,448.34
OMXPI,6/13/2014,451.91
OMXPI,6/12/2014,454.82
OMXPI,6/11/2014,455.16
OMXPI,6/10/2014,457.13
OMXPI,6/9/2014,457.33
OMXPI,6/5/2014,452.56
OMXPI,6/4/2014,454.66
OMXPI,6/3/2014,454.03
OMXPI,6/2/2014,455.39
OMXPI,5/30/2014,455.66
OMXPI,5/28/2014,453.5
OMXPI,5/27/2014,453.92
OMXPI,5/26/2014,453.19
OMXPI,5/23/2014,452.37
OMXPI,5/22/2014,451.2
OMXPI,5/21/2014,450.01
OMXPI,5/20/2014,448.88
OMXPI,5/19/2014,448.65
OMXPI,5/16/2014,448.53
OMXPI,5/15/2014,450.63
OMXPI,5/14/2014,448.69
OMXPI,5/13/2014,448.28
OMXPI,5/12/2014,446.09
OMXPI,5/9/2014,442.09
OMXPI,5/8/2014,442.27
OMXPI,5/7/2014,437.73
OMXPI,5/6/2014,440.66
OMXPI,5/5/2014,441.79
OMXPI,5/2/2014,442.3
OMXPI,4/30/2014,442.53
OMXPI,4/29/2014,443.82
OMXPI,4/28/2014,439.95
OMXPI,4/25/2014,440.81
OMXPI,4/24/2014,441.69
OMXPI,4/23/2014,437.91
OMXPI,4/22/2014,441.9
OMXPI,4/17/2014,433.57
OMXPI,4/16/2014,433.36
OMXPI,4/15/2014,429.03
OMXPI,4/14/2014,434.56
OMXPI,4/11/2014,434.44
OMXPI,4/10/2014,439.05
OMXPI,4/9/2014,441.72
OMXPI,4/8/2014,439.38
OMXPI,4/7/2014,439.25
OMXPI,4/4/2014,443.09
OMXPI,4/3/2014,442.08
OMXPI,4/2/2014,444.4
OMXPI,4/1/2014,443.55
OMXPI,3/31/2014,440.3
OMXPI,3/28/2014,434.48
OMXPI,3/27/2014,432.75
OMXPI,3/26/2014,435.18
OMXPI,3/25/2014,434.32
OMXPI,3/24/2014,429.46
OMXPI,3/21/2014,434.97
OMXPI,3/20/2014,435.6
OMXPI,3/19/2014,438.34
OMXPI,3/18/2014,437.68
OMXPI,3/17/2014,435.23
OMXPI,3/14/2014,428.53
OMXPI,3/13/2014,431.42
OMXPI,3/12/2014,433.92
OMXPI,3/11/2014,437.81
OMXPI,3/10/2014,437.96
OMXPI,3/7/2014,437.94
OMXPI,3/6/2014,442.53
OMXPI,3/5/2014,439.32
OMXPI,3/4/2014,439.35
OMXPI,3/3/2014,430.6
OMXPI,2/28/2014,442.17
OMXPI,2/27/2014,441.28
OMXPI,2/26/2014,442.67
OMXPI,2/25/2014,442.28
OMXPI,2/24/2014,441.88
OMXPI,2/21/2014,434.08
OMXPI,2/20/2014,432.08
OMXPI,2/19/2014,430.92
OMXPI,2/18/2014,427.64
OMXPI,2/17/2014,431.07
OMXPI,2/14/2014,428.62
OMXPI,2/13/2014,427.07
OMXPI,2/12/2014,427.06
OMXPI,2/11/2014,427.97
OMXPI,2/10/2014,422.19
OMXPI,2/7/2014,420.77
OMXPI,2/6/2014,419.01
OMXPI,2/5/2014,413.23
OMXPI,2/4/2014,409.61
OMXPI,2/3/2014,411.14
OMXPI,1/31/2014,416.72
OMXPI,1/30/2014,416.46
OMXPI,1/29/2014,418.02
OMXPI,1/28/2014,420.74
OMXPI,1/27/2014,419.27
OMXPI,1/24/2014,421.03
OMXPI,1/23/2014,428.28
OMXPI,1/22/2014,433.05
OMXPI,1/21/2014,431.59
OMXPI,1/20/2014,431.97
OMXPI,1/17/2014,432.41
OMXPI,1/16/2014,430.6
OMXPI,1/15/2014,430.6
OMXPI,1/14/2014,424.91
OMXPI,1/13/2014,426.4
OMXPI,1/10/2014,426.36
OMXPI,1/9/2014,424.09
OMXPI,1/8/2014,423.69
OMXPI,1/7/2014,423.51
OMXPI,1/3/2014,422.42
OMXPI,1/2/2014,421.6
OMXPI,12/30/2013,423.66
OMXPI,12/27/2013,424.09
OMXPI,12/23/2013,420.27
OMXPI,12/20/2013,416.73
OMXPI,12/19/2013,414.09
OMXPI,12/18/2013,406.11
OMXPI,12/17/2013,402.83
OMXPI,12/16/2013,404.01
OMXPI,12/13/2013,399.88
OMXPI,12/12/2013,399.68
OMXPI,12/11/2013,403.68
OMXPI,12/10/2013,404.36
OMXPI,12/9/2013,407.7
OMXPI,12/6/2013,405.42
OMXPI,12/5/2013,403.76
OMXPI,12/4/2013,406.09
OMXPI,12/3/2013,407.17
OMXPI,12/2/2013,414.2
OMXPI,11/29/2013,415.09
OMXPI,11/28/2013,416.99
OMXPI,11/27/2013,415.55
OMXPI,11/26/2013,413.96
OMXPI,11/25/2013,413.54
OMXPI,11/22/2013,411.21
OMXPI,11/21/2013,409.02
OMXPI,11/20/2013,410.34
OMXPI,11/19/2013,411.83
OMXPI,11/18/2013,413.25
OMXPI,11/15/2013,410.6
OMXPI,11/14/2013,408.28
OMXPI,11/13/2013,404.91
OMXPI,11/12/2013,407.01
OMXPI,11/11/2013,409
OMXPI,11/8/2013,407.09
OMXPI,11/7/2013,407.7
OMXPI,11/6/2013,406.96
OMXPI,11/5/2013,403.78
OMXPI,11/4/2013,405.38
OMXPI,11/1/2013,404.42
OMXPI,10/31/2013,405.69
OMXPI,10/30/2013,407.6
OMXPI,10/29/2013,407.62
OMXPI,10/28/2013,407.3
OMXPI,10/25/2013,408.5
OMXPI,10/24/2013,410.72
OMXPI,10/23/2013,408.48
OMXPI,10/22/2013,410.61
OMXPI,10/21/2013,408.1
OMXPI,10/18/2013,405.58
OMXPI,10/17/2013,400.13
OMXPI,10/16/2013,400.03
OMXPI,10/15/2013,399.95
OMXPI,10/14/2013,397.52
OMXPI,10/11/2013,399.76
OMXPI,10/10/2013,397.9
OMXPI,10/9/2013,390.53
OMXPI,10/8/2013,392.66
OMXPI,10/7/2013,394.53
OMXPI,10/4/2013,396.23
OMXPI,10/3/2013,397.63
OMXPI,10/2/2013,398.64
OMXPI,10/1/2013,401.03
OMXPI,9/30/2013,398.53
OMXPI,9/27/2013,401.67
OMXPI,9/26/2013,403.28
OMXPI,9/25/2013,401.49
OMXPI,9/24/2013,405.9
OMXPI,9/23/2013,403.71
OMXPI,9/20/2013,406.91
OMXPI,9/19/2013,407.24
OMXPI,9/18/2013,403.79
OMXPI,9/17/2013,403.11
OMXPI,9/16/2013,404.25
OMXPI,9/13/2013,400.73
OMXPI,9/12/2013,401.08
OMXPI,9/11/2013,401.56
OMXPI,9/10/2013,400.67
OMXPI,9/9/2013,394.74
OMXPI,9/6/2013,394.88
OMXPI,9/5/2013,393.47
OMXPI,9/4/2013,392.56
OMXPI,9/3/2013,390.86
OMXPI,9/2/2013,388.74
OMXPI,8/30/2013,383.33
OMXPI,8/29/2013,385.75
OMXPI,8/28/2013,383.55
OMXPI,8/27/2013,385.85
OMXPI,8/26/2013,391.96
OMXPI,8/23/2013,391.52
OMXPI,8/22/2013,389.61
OMXPI,8/21/2013,386.39
OMXPI,8/20/2013,391.86
OMXPI,8/19/2013,393.24
OMXPI,8/16/2013,393.95
OMXPI,8/15/2013,390.86
OMXPI,8/14/2013,395.73
OMXPI,8/13/2013,394.72
OMXPI,8/12/2013,393.07
OMXPI,8/9/2013,393.1
OMXPI,8/8/2013,391.49
OMXPI,8/7/2013,389.46
OMXPI,8/6/2013,390.44
OMXPI,8/5/2013,393.2
OMXPI,8/2/2013,392.4
OMXPI,8/1/2013,392.15
OMXPI,7/31/2013,387.59
OMXPI,7/30/2013,388.06
OMXPI,7/29/2013,385.52
OMXPI,7/26/2013,385.7
OMXPI,7/25/2013,387.16
OMXPI,7/24/2013,386.66
OMXPI,7/23/2013,382.75
OMXPI,7/22/2013,381.51
OMXPI,7/19/2013,383.87
OMXPI,7/18/2013,383.48
OMXPI,7/17/2013,381.33
OMXPI,7/16/2013,381.36
OMXPI,7/15/2013,381.82
OMXPI,7/12/2013,380.56
OMXPI,7/11/2013,380.48
OMXPI,7/10/2013,375.59
OMXPI,7/9/2013,375.18
OMXPI,7/8/2013,371.65
OMXPI,7/5/2013,367.53
OMXPI,7/4/2013,369.43
OMXPI,7/3/2013,363.27
OMXPI,7/2/2013,365.19
OMXPI,7/1/2013,365.64
OMXPI,6/28/2013,361.72
OMXPI,6/27/2013,364.67
OMXPI,6/26/2013,359.83
OMXPI,6/25/2013,355.27
OMXPI,6/24/2013,350.05
OMXPI,6/20/2013,358.69
OMXPI,6/19/2013,369.26
OMXPI,6/18/2013,374.25
OMXPI,6/17/2013,373.44
OMXPI,6/14/2013,369.52
OMXPI,6/13/2013,368.44
OMXPI,6/12/2013,369.68
OMXPI,6/11/2013,371.53
OMXPI,6/10/2013,374.24
OMXPI,6/7/2013,374.41
OMXPI,6/5/2013,372.41
OMXPI,6/4/2013,379.03
OMXPI,6/3/2013,379.27
OMXPI,5/31/2013,381.19
OMXPI,5/30/2013,384.14
OMXPI,5/29/2013,383.11
OMXPI,5/28/2013,389.31
OMXPI,5/27/2013,385.48
OMXPI,5/24/2013,381.56
OMXPI,5/23/2013,383.16
OMXPI,5/22/2013,392.3
OMXPI,5/21/2013,390.55
OMXPI,5/20/2013,389.25
OMXPI,5/17/2013,389.45
OMXPI,5/16/2013,386.9
OMXPI,5/15/2013,385.79
OMXPI,5/14/2013,384.09
OMXPI,5/13/2013,383.71
OMXPI,5/10/2013,383.96
OMXPI,5/8/2013,382.28
OMXPI,5/7/2013,378.4
OMXPI,5/6/2013,377.43
OMXPI,5/3/2013,376.64
OMXPI,5/2/2013,373.99
OMXPI,4/30/2013,375.46
OMXPI,4/29/2013,374.34
OMXPI,4/26/2013,373.03
OMXPI,4/25/2013,373.05
OMXPI,4/24/2013,367.77
OMXPI,4/23/2013,366.29
OMXPI,4/22/2013,357.5
OMXPI,4/19/2013,357.9
OMXPI,4/18/2013,358.11
OMXPI,4/17/2013,358.51
OMXPI,4/16/2013,364.57
OMXPI,4/15/2013,367.84
OMXPI,4/12/2013,370.57
OMXPI,4/11/2013,373.36
OMXPI,4/10/2013,372.64
OMXPI,4/9/2013,367.73
OMXPI,4/8/2013,364.9
OMXPI,4/5/2013,365.71
OMXPI,4/4/2013,370.4
OMXPI,4/3/2013,376.04
OMXPI,4/2/2013,377.86
OMXPI,3/28/2013,375.35
OMXPI,3/27/2013,372.87
OMXPI,3/26/2013,372.94
OMXPI,3/25/2013,372.99
OMXPI,3/22/2013,373.13
OMXPI,3/21/2013,370.99
OMXPI,3/20/2013,375.01
OMXPI,3/19/2013,373.08
OMXPI,3/18/2013,377.53
OMXPI,3/15/2013,379.88
OMXPI,3/14/2013,381.11
OMXPI,3/13/2013,377.62
OMXPI,3/12/2013,377.15
OMXPI,3/11/2013,380.18
OMXPI,3/8/2013,379.47
OMXPI,3/7/2013,377.39
OMXPI,3/6/2013,377.24
OMXPI,3/5/2013,379.08
OMXPI,3/4/2013,375.45
OMXPI,3/1/2013,374.68
OMXPI,2/28/2013,375.32
OMXPI,2/27/2013,373.58
OMXPI,2/26/2013,369.39
OMXPI,2/25/2013,374.63
OMXPI,2/22/2013,375.85
OMXPI,2/21/2013,371.68
OMXPI,2/20/2013,375.55
OMXPI,2/19/2013,373.54
OMXPI,2/18/2013,370.89
OMXPI,2/15/2013,370.13
OMXPI,2/14/2013,369.14
OMXPI,2/13/2013,370.08
OMXPI,2/12/2013,366.66
OMXPI,2/11/2013,365.18
OMXPI,2/8/2013,365.87
OMXPI,2/7/2013,363.02
OMXPI,2/6/2013,365.2
OMXPI,2/5/2013,364.94
OMXPI,2/4/2013,361.23
OMXPI,2/1/2013,365.68
OMXPI,1/31/2013,363.1
OMXPI,1/30/2013,364.82
OMXPI,1/29/2013,361.92
OMXPI,1/28/2013,361.7
OMXPI,1/25/2013,361.07
OMXPI,1/24/2013,358.08
OMXPI,1/23/2013,356.32
OMXPI,1/22/2013,355.72
OMXPI,1/21/2013,356.76
OMXPI,1/18/2013,354.44
OMXPI,1/17/2013,354.42
OMXPI,1/16/2013,352.53
OMXPI,1/15/2013,351.55
OMXPI,1/14/2013,352.72
OMXPI,1/11/2013,352.45
OMXPI,1/10/2013,351.01
OMXPI,1/9/2013,351.12
OMXPI,1/8/2013,350.58
OMXPI,1/7/2013,351.79
OMXPI,1/4/2013,353.48
OMXPI,1/3/2013,351.74
OMXPI,1/2/2013,351.52
OMXPI,12/28/2012,343.94
OMXPI,12/27/2012,345.18
OMXPI,12/21/2012,344.34
OMXPI,12/20/2012,344.39
OMXPI,12/19/2012,344.72
OMXPI,12/18/2012,344.18
OMXPI,12/17/2012,342.42
OMXPI,12/14/2012,341.31
OMXPI,12/13/2012,339.28
OMXPI,12/12/2012,342.86
OMXPI,12/11/2012,344.08
OMXPI,12/10/2012,343.01
OMXPI,12/7/2012,341.15
OMXPI,12/6/2012,341.25
OMXPI,12/5/2012,339.19
OMXPI,12/4/2012,338.14
OMXPI,12/3/2012,338.1
OMXPI,11/30/2012,337.21
OMXPI,11/29/2012,336.71
OMXPI,11/28/2012,331.94
OMXPI,11/27/2012,332.69
OMXPI,11/26/2012,331.53
OMXPI,11/23/2012,332.54
OMXPI,11/22/2012,329.46
OMXPI,11/21/2012,327.08
OMXPI,11/20/2012,327.01
OMXPI,11/19/2012,326.04
OMXPI,11/16/2012,319.1
OMXPI,11/15/2012,322.24
OMXPI,11/14/2012,326.24
OMXPI,11/13/2012,326.69
OMXPI,11/12/2012,327.01
OMXPI,11/9/2012,326.89
OMXPI,11/8/2012,328.12
OMXPI,11/7/2012,328.79
OMXPI,11/6/2012,333.45
OMXPI,11/5/2012,330.47
OMXPI,11/2/2012,332.07
OMXPI,11/1/2012,329.98
OMXPI,10/31/2012,326.88
OMXPI,10/30/2012,328.56
OMXPI,10/29/2012,327.22
OMXPI,10/26/2012,328.29
OMXPI,10/25/2012,327.06
OMXPI,10/24/2012,325.22
OMXPI,10/23/2012,324.59
OMXPI,10/22/2012,329.95
OMXPI,10/19/2012,329.43
OMXPI,10/18/2012,334.26
OMXPI,10/17/2012,332.8
OMXPI,10/16/2012,331.57
OMXPI,10/15/2012,329.16
OMXPI,10/12/2012,327.79
OMXPI,10/11/2012,329.62
OMXPI,10/10/2012,328.58
OMXPI,10/9/2012,332.36
OMXPI,10/8/2012,334.29
OMXPI,10/5/2012,338.2
OMXPI,10/4/2012,334.72
OMXPI,10/3/2012,333.91
OMXPI,10/2/2012,335.13
OMXPI,10/1/2012,335.47
OMXPI,9/28/2012,331.74
OMXPI,9/27/2012,334.62
OMXPI,9/26/2012,335.31
OMXPI,9/25/2012,340.09
OMXPI,9/24/2012,338.34
OMXPI,9/21/2012,338.83
OMXPI,9/20/2012,338.59
OMXPI,9/19/2012,340.59
OMXPI,9/18/2012,338.89
OMXPI,9/17/2012,341.6
OMXPI,9/14/2012,343.15
OMXPI,9/13/2012,334.8
OMXPI,9/12/2012,334.74
OMXPI,9/11/2012,332.13
OMXPI,9/10/2012,329.61
OMXPI,9/7/2012,330.52
OMXPI,9/6/2012,326.5
OMXPI,9/5/2012,320.38
OMXPI,9/4/2012,319.46
OMXPI,9/3/2012,323.27
OMXPI,8/31/2012,321.82
OMXPI,8/30/2012,319.99
OMXPI,8/29/2012,322.15
OMXPI,8/28/2012,320.9
OMXPI,8/27/2012,327.49
OMXPI,8/24/2012,325.7
OMXPI,8/23/2012,325.41
OMXPI,8/22/2012,327.37
OMXPI,8/21/2012,333.72
OMXPI,8/20/2012,333.38
OMXPI,8/17/2012,335.44
OMXPI,8/16/2012,331.71
OMXPI,8/15/2012,330.85
OMXPI,8/14/2012,332.7
OMXPI,8/13/2012,332.37
OMXPI,8/10/2012,333.05
OMXPI,8/9/2012,334.48
OMXPI,8/8/2012,332.88
OMXPI,8/7/2012,331.83
OMXPI,8/6/2012,331.88
OMXPI,8/3/2012,332.46
OMXPI,8/2/2012,325.98
OMXPI,8/1/2012,328.26
OMXPI,7/31/2012,329.26
OMXPI,7/30/2012,329.12
OMXPI,7/27/2012,327.17
OMXPI,7/26/2012,323.9
OMXPI,7/25/2012,318.48
OMXPI,7/24/2012,316.71
OMXPI,7/23/2012,316.86
OMXPI,7/20/2012,323.16
OMXPI,7/19/2012,325.76
OMXPI,7/18/2012,320.4
OMXPI,7/17/2012,318.29
OMXPI,7/16/2012,321.5
OMXPI,7/13/2012,319.4
OMXPI,7/12/2012,314.42
OMXPI,7/11/2012,318.04
OMXPI,7/10/2012,319.07
OMXPI,7/9/2012,316.57
OMXPI,7/6/2012,317.86
OMXPI,7/5/2012,321.63
OMXPI,7/4/2012,321.86
OMXPI,7/3/2012,322.14
OMXPI,7/2/2012,317.33
OMXPI,6/29/2012,315.97
OMXPI,6/28/2012,303.8
OMXPI,6/27/2012,307.54
OMXPI,6/26/2012,304.33
OMXPI,6/25/2012,306.05
OMXPI,6/21/2012,313.55
OMXPI,6/20/2012,315.28
OMXPI,6/19/2012,310.99
OMXPI,6/18/2012,305.56
OMXPI,6/15/2012,304.61
OMXPI,6/14/2012,302.7
OMXPI,6/13/2012,304.22
OMXPI,6/12/2012,308.27
OMXPI,6/11/2012,307.42
OMXPI,6/8/2012,305.85
OMXPI,6/7/2012,308.29
OMXPI,6/5/2012,298.62
OMXPI,6/4/2012,297.41
OMXPI,6/1/2012,300.69
OMXPI,5/31/2012,307.08
OMXPI,5/30/2012,309.85
OMXPI,5/29/2012,314.5
OMXPI,5/28/2012,309.19
OMXPI,5/25/2012,308.91
OMXPI,5/24/2012,309.49
OMXPI,5/23/2012,306.31
OMXPI,5/22/2012,314.43
OMXPI,5/21/2012,306.79
OMXPI,5/18/2012,300.88
OMXPI,5/16/2012,310.29
OMXPI,5/15/2012,314.42
OMXPI,5/14/2012,315.84
OMXPI,5/11/2012,323.72
OMXPI,5/10/2012,322.17
OMXPI,5/9/2012,318.92
OMXPI,5/8/2012,319.52
OMXPI,5/7/2012,324.06
OMXPI,5/4/2012,324.76
OMXPI,5/3/2012,333.03
OMXPI,5/2/2012,331.13
OMXPI,4/30/2012,333.53
OMXPI,4/27/2012,332.62
OMXPI,4/26/2012,326.36
OMXPI,4/25/2012,328.58
OMXPI,4/24/2012,323.89
OMXPI,4/23/2012,318.68
OMXPI,4/20/2012,332.05
OMXPI,4/19/2012,328.75
OMXPI,4/18/2012,327.72
OMXPI,4/17/2012,333.51
OMXPI,4/16/2012,327.64
OMXPI,4/13/2012,325.19
OMXPI,4/12/2012,331.27
OMXPI,4/11/2012,324.39
OMXPI,4/10/2012,320.96
OMXPI,4/5/2012,328.19
OMXPI,4/4/2012,329.74
OMXPI,4/3/2012,340.97
OMXPI,4/2/2012,342.31
OMXPI,3/30/2012,338.44
OMXPI,3/29/2012,333.68
OMXPI,3/28/2012,340.65
OMXPI,3/27/2012,344.27
OMXPI,3/26/2012,346.19
OMXPI,3/23/2012,339.78
OMXPI,3/22/2012,338.02
OMXPI,3/21/2012,341.83
OMXPI,3/20/2012,345.89
OMXPI,3/19/2012,350.98
OMXPI,3/16/2012,351.52
OMXPI,3/15/2012,350.95
OMXPI,3/14/2012,349.68
OMXPI,3/13/2012,346.86
OMXPI,3/12/2012,342.7
OMXPI,3/9/2012,342.59
OMXPI,3/8/2012,342.01
OMXPI,3/7/2012,333.64
OMXPI,3/6/2012,331.89
OMXPI,3/5/2012,344.05
OMXPI,3/2/2012,346.37
OMXPI,3/1/2012,346.19
OMXPI,2/29/2012,345.34
OMXPI,2/28/2012,345.07
OMXPI,2/27/2012,342.6
OMXPI,2/24/2012,344.61
OMXPI,2/23/2012,343.32
OMXPI,2/22/2012,343.88
OMXPI,2/21/2012,347.03
OMXPI,2/20/2012,348.61
OMXPI,2/17/2012,345.03
OMXPI,2/16/2012,341.65
OMXPI,2/15/2012,339.94
OMXPI,2/14/2012,335.69
OMXPI,2/13/2012,336.94
OMXPI,2/10/2012,334.33
OMXPI,2/9/2012,337.65
OMXPI,2/8/2012,337
OMXPI,2/7/2012,336.57
OMXPI,2/6/2012,337.04
OMXPI,2/3/2012,338.31
OMXPI,2/2/2012,334.44
OMXPI,2/1/2012,333.49
OMXPI,1/31/2012,325.32
OMXPI,1/30/2012,322.85
OMXPI,1/27/2012,327.31
OMXPI,1/26/2012,328.14
OMXPI,1/25/2012,322.23
OMXPI,1/24/2012,323.96
OMXPI,1/23/2012,326.72
OMXPI,1/20/2012,324.19
OMXPI,1/19/2012,325.01
OMXPI,1/18/2012,322.14
OMXPI,1/17/2012,321.06
OMXPI,1/16/2012,317.67
OMXPI,1/13/2012,316.26
OMXPI,1/12/2012,317.85
OMXPI,1/11/2012,315.81
OMXPI,1/10/2012,316.14
OMXPI,1/9/2012,311.39
OMXPI,1/5/2012,313.12
OMXPI,1/4/2012,313.98
OMXPI,1/3/2012,317.26
OMXPI,1/2/2012,311.29
OMXPI,12/30/2011,307.04
OMXPI,12/29/2011,303.73
OMXPI,12/28/2011,301.62
OMXPI,12/27/2011,303.78
OMXPI,12/23/2011,305.12
OMXPI,12/22/2011,301.7
OMXPI,12/21/2011,298.41
OMXPI,12/20/2011,298.05
OMXPI,12/19/2011,290.42
OMXPI,12/16/2011,291.12
OMXPI,12/15/2011,293.33
OMXPI,12/14/2011,291.11
OMXPI,12/13/2011,296.55
OMXPI,12/12/2011,292.05
OMXPI,12/9/2011,298.22
OMXPI,12/8/2011,296.7
OMXPI,12/7/2011,303.72
OMXPI,12/6/2011,303.53
OMXPI,12/5/2011,306.9
OMXPI,12/2/2011,302.99
OMXPI,12/1/2011,300.72
OMXPI,11/30/2011,304.17
OMXPI,11/29/2011,290.37
OMXPI,11/28/2011,288.45
OMXPI,11/25/2011,277.33
OMXPI,11/24/2011,276.41
OMXPI,11/23/2011,276.78
OMXPI,11/22/2011,281.94
OMXPI,11/21/2011,282.39
OMXPI,11/18/2011,292.77
OMXPI,11/17/2011,295
OMXPI,11/16/2011,299.4
OMXPI,11/15/2011,299.56
OMXPI,11/14/2011,301.2
OMXPI,11/11/2011,304.77
OMXPI,11/10/2011,295.43
OMXPI,11/9/2011,296.31
OMXPI,11/8/2011,302.99
OMXPI,11/7/2011,302.27
OMXPI,11/4/2011,307.51
OMXPI,11/3/2011,305.22
OMXPI,11/2/2011,300.56
OMXPI,11/1/2011,294.79
OMXPI,10/31/2011,308.63
OMXPI,10/28/2011,318.56
OMXPI,10/27/2011,319.2
OMXPI,10/26/2011,305.76
OMXPI,10/25/2011,303.53
OMXPI,10/24/2011,304.64
OMXPI,10/21/2011,300.04
OMXPI,10/20/2011,291.56
OMXPI,10/19/2011,293.67
OMXPI,10/18/2011,295.19
OMXPI,10/17/2011,293.29
OMXPI,10/14/2011,297.73
OMXPI,10/13/2011,291.44
OMXPI,10/12/2011,297.61
OMXPI,10/11/2011,293.65
OMXPI,10/10/2011,294.02
OMXPI,10/7/2011,285.7
OMXPI,10/6/2011,286.1
OMXPI,10/5/2011,279.67
OMXPI,10/4/2011,270.24
OMXPI,10/3/2011,281.05
OMXPI,9/30/2011,283.56
OMXPI,9/29/2011,289.48
OMXPI,9/28/2011,282.46
OMXPI,9/27/2011,288.31
OMXPI,9/26/2011,272.83
OMXPI,9/23/2011,271.16
OMXPI,9/22/2011,272.19
OMXPI,9/21/2011,285.62
OMXPI,9/20/2011,289.21
OMXPI,9/19/2011,283.03
OMXPI,9/16/2011,292.14
OMXPI,9/15/2011,290.98
OMXPI,9/14/2011,281.31
OMXPI,9/13/2011,277.43
OMXPI,9/12/2011,273.36
OMXPI,9/9/2011,280.64
OMXPI,9/8/2011,290.59
OMXPI,9/7/2011,290.36
OMXPI,9/6/2011,280.74
OMXPI,9/5/2011,281.14
OMXPI,9/2/2011,294.83
OMXPI,9/1/2011,303.61
OMXPI,8/31/2011,301.76
OMXPI,8/30/2011,293.77
OMXPI,8/29/2011,292.71
OMXPI,8/26/2011,285.55
OMXPI,8/25/2011,285.67
OMXPI,8/24/2011,289.47
OMXPI,8/23/2011,285.44
OMXPI,8/22/2011,280.48
OMXPI,8/19/2011,277.68
OMXPI,8/18/2011,283.05
OMXPI,8/17/2011,301.7
OMXPI,8/16/2011,301.85
OMXPI,8/15/2011,305.31
OMXPI,8/12/2011,301.39
OMXPI,8/11/2011,294.25
OMXPI,8/10/2011,284.29
OMXPI,8/9/2011,291.12
OMXPI,8/8/2011,281.94
OMXPI,8/5/2011,297.24
OMXPI,8/4/2011,296.56
OMXPI,8/3/2011,310.69
OMXPI,8/2/2011,320.89
OMXPI,8/1/2011,329.54
OMXPI,7/29/2011,337.38
OMXPI,7/28/2011,338.16
OMXPI,7/27/2011,339.21
OMXPI,7/26/2011,341.39
OMXPI,7/25/2011,344.33
OMXPI,7/22/2011,345.87
OMXPI,7/21/2011,344.16
OMXPI,7/20/2011,345.6
OMXPI,7/19/2011,340.4
OMXPI,7/18/2011,334.47
OMXPI,7/15/2011,342.18
OMXPI,7/14/2011,346.12
OMXPI,7/13/2011,351.34
OMXPI,7/12/2011,348.57
OMXPI,7/11/2011,350
OMXPI,7/8/2011,355.82
OMXPI,7/7/2011,360.01
OMXPI,7/6/2011,355
OMXPI,7/5/2011,357.51
OMXPI,7/4/2011,357.2
OMXPI,7/1/2011,354.76
OMXPI,6/30/2011,353.95
OMXPI,6/29/2011,348.87
OMXPI,6/28/2011,340.16
OMXPI,6/27/2011,338.62
OMXPI,6/23/2011,334.52
OMXPI,6/22/2011,339.84
OMXPI,6/21/2011,345.13
OMXPI,6/20/2011,337.76
OMXPI,6/17/2011,343.04
OMXPI,6/16/2011,341.45
OMXPI,6/15/2011,345.28
OMXPI,6/14/2011,350.89
OMXPI,6/13/2011,345.82
OMXPI,6/10/2011,348.02
OMXPI,6/9/2011,353.63
OMXPI,6/8/2011,350.99
OMXPI,6/7/2011,359.3
OMXPI,6/3/2011,361.09
OMXPI,6/1/2011,369.02
OMXPI,5/31/2011,366.89
OMXPI,5/30/2011,365.18
OMXPI,5/27/2011,365.38
OMXPI,5/26/2011,362.8
OMXPI,5/25/2011,366.06
OMXPI,5/24/2011,362.28
OMXPI,5/23/2011,363.12
OMXPI,5/20/2011,371.91
OMXPI,5/19/2011,371.75
OMXPI,5/18/2011,369.2
OMXPI,5/17/2011,369.07
OMXPI,5/16/2011,374.35
OMXPI,5/13/2011,372.66
OMXPI,5/12/2011,372.33
OMXPI,5/11/2011,374.87
OMXPI,5/10/2011,373.5
OMXPI,5/9/2011,370.45
OMXPI,5/6/2011,370.59
OMXPI,5/5/2011,367.32
OMXPI,5/4/2011,367.68
OMXPI,5/3/2011,369.99
OMXPI,5/2/2011,372.82
OMXPI,4/29/2011,372.66
OMXPI,4/28/2011,371.36
OMXPI,4/27/2011,369.45
OMXPI,4/26/2011,368.9
OMXPI,4/21/2011,365.71
OMXPI,4/20/2011,365.04
OMXPI,4/19/2011,358.23
OMXPI,4/18/2011,354.73
OMXPI,4/15/2011,360.2
OMXPI,4/14/2011,361.55
OMXPI,4/13/2011,364.03
OMXPI,4/12/2011,362.01
OMXPI,4/11/2011,367.54
OMXPI,4/8/2011,368.61
OMXPI,4/7/2011,367.44
OMXPI,4/6/2011,370.73
OMXPI,4/5/2011,368.74
OMXPI,4/4/2011,369.31
OMXPI,4/1/2011,367.5
OMXPI,3/31/2011,364.33
OMXPI,3/30/2011,365.11
OMXPI,3/29/2011,362.02
OMXPI,3/28/2011,362.59
OMXPI,3/25/2011,361.05
OMXPI,3/24/2011,360.82
OMXPI,3/23/2011,356.3
OMXPI,3/22/2011,354.25
OMXPI,3/21/2011,354.61
OMXPI,3/18/2011,349.49
OMXPI,3/17/2011,344.35
OMXPI,3/16/2011,338.67
OMXPI,3/15/2011,341.07
OMXPI,3/14/2011,349.47
OMXPI,3/11/2011,353.27
OMXPI,3/10/2011,358.62
OMXPI,3/9/2011,361.29
OMXPI,3/8/2011,359.64
OMXPI,3/7/2011,358.57
OMXPI,3/4/2011,356.34
OMXPI,3/3/2011,355.26
OMXPI,3/2/2011,352.44
OMXPI,3/1/2011,356.6
OMXPI,2/28/2011,358.72
OMXPI,2/25/2011,354.7
OMXPI,2/24/2011,350.44
OMXPI,2/23/2011,349.03
OMXPI,2/22/2011,353.84
OMXPI,2/21/2011,354.71
OMXPI,2/18/2011,355.83
OMXPI,2/17/2011,353.92
OMXPI,2/16/2011,358.68
OMXPI,2/15/2011,357.78
OMXPI,2/14/2011,360.95
OMXPI,2/11/2011,362.06
OMXPI,2/10/2011,358.33
OMXPI,2/9/2011,360.89
OMXPI,2/8/2011,360.32
OMXPI,2/7/2011,362.84
OMXPI,2/4/2011,361.79
OMXPI,2/3/2011,361.19
OMXPI,2/2/2011,359.39
OMXPI,2/1/2011,364.69
OMXPI,1/31/2011,364.81
OMXPI,1/28/2011,366.81
OMXPI,1/27/2011,370.6
OMXPI,1/26/2011,372.39
OMXPI,1/25/2011,366.27
OMXPI,1/24/2011,364.79
OMXPI,1/21/2011,366.09
OMXPI,1/20/2011,362.11
OMXPI,1/19/2011,368.09
OMXPI,1/18/2011,375.38
OMXPI,1/17/2011,373.2
OMXPI,1/14/2011,374.38
OMXPI,1/13/2011,374.99
OMXPI,1/12/2011,375.52
OMXPI,1/11/2011,375.19
OMXPI,1/10/2011,368.98
OMXPI,1/7/2011,371.35
OMXPI,1/5/2011,369.36
OMXPI,1/4/2011,373.14
OMXPI,1/3/2011,375.82
OMXPI,12/30/2010,368.54
OMXPI,12/29/2010,370.88
OMXPI,12/28/2010,369.07
OMXPI,12/27/2010,369.03
OMXPI,12/23/2010,369.28
OMXPI,12/22/2010,369.52
OMXPI,12/21/2010,370.11
OMXPI,12/20/2010,366.04
OMXPI,12/17/2010,365.44
OMXPI,12/16/2010,365.56
OMXPI,12/15/2010,366.15
OMXPI,12/14/2010,365.5
OMXPI,12/13/2010,362.56
OMXPI,12/10/2010,359.46
OMXPI,12/9/2010,357.95
OMXPI,12/8/2010,361.13
OMXPI,12/7/2010,362.22
OMXPI,12/6/2010,360.75
OMXPI,12/3/2010,361.43
OMXPI,12/2/2010,360.21
OMXPI,12/1/2010,356.41
OMXPI,11/30/2010,348.04
OMXPI,11/29/2010,346.85
OMXPI,11/26/2010,349.36
OMXPI,11/25/2010,349.54
OMXPI,11/24/2010,346.66
OMXPI,11/23/2010,343.4
OMXPI,11/22/2010,349.12
OMXPI,11/19/2010,350.08
OMXPI,11/18/2010,349.03
OMXPI,11/17/2010,343.21
OMXPI,11/16/2010,342.22
OMXPI,11/15/2010,348.52
OMXPI,11/12/2010,345.64
OMXPI,11/11/2010,348.3
OMXPI,11/10/2010,349
OMXPI,11/9/2010,351.08
OMXPI,11/8/2010,348.68
OMXPI,11/5/2010,346.77
OMXPI,11/4/2010,349.32
OMXPI,11/3/2010,343.77
OMXPI,11/2/2010,345.64
OMXPI,11/1/2010,344.28
OMXPI,10/29/2010,343.17
OMXPI,10/28/2010,343.58
OMXPI,10/27/2010,347.39
OMXPI,10/26/2010,348.56
OMXPI,10/25/2010,349.15
OMXPI,10/22/2010,349.37
OMXPI,10/21/2010,351.51
OMXPI,10/20/2010,346.45
OMXPI,10/19/2010,345.76
OMXPI,10/18/2010,346.31
OMXPI,10/15/2010,345.88
OMXPI,10/14/2010,347.42
OMXPI,10/13/2010,348.58
OMXPI,10/12/2010,343.95
OMXPI,10/11/2010,344.34
OMXPI,10/8/2010,342.2
OMXPI,10/7/2010,342
OMXPI,10/6/2010,343.92
OMXPI,10/5/2010,343.56
OMXPI,10/4/2010,337.81
OMXPI,10/1/2010,341.58
OMXPI,9/30/2010,342.83
OMXPI,9/29/2010,341.99
OMXPI,9/28/2010,343.06
OMXPI,9/27/2010,341.52
OMXPI,9/24/2010,343.67
OMXPI,9/23/2010,337.11
OMXPI,9/22/2010,340.22
OMXPI,9/21/2010,342.52
OMXPI,9/20/2010,341.73
OMXPI,9/17/2010,338.77
OMXPI,9/16/2010,337.79
OMXPI,9/15/2010,338.32
OMXPI,9/14/2010,339.02
OMXPI,9/13/2010,338.12
OMXPI,9/10/2010,334.63
OMXPI,9/9/2010,333.8
OMXPI,9/8/2010,331.17
OMXPI,9/7/2010,327.93
OMXPI,9/6/2010,329.29
OMXPI,9/3/2010,327.84
OMXPI,9/2/2010,326.01
OMXPI,9/1/2010,327.01
OMXPI,8/31/2010,316.16
OMXPI,8/30/2010,315.86
OMXPI,8/27/2010,318.66
OMXPI,8/26/2010,314.87
OMXPI,8/25/2010,311.71
OMXPI,8/24/2010,314.4
OMXPI,8/23/2010,319.72
OMXPI,8/20/2010,319.5
OMXPI,8/19/2010,325.13
OMXPI,8/18/2010,330.04
OMXPI,8/17/2010,330.04
OMXPI,8/16/2010,326.29
OMXPI,8/13/2010,323.55
OMXPI,8/12/2010,321.75
OMXPI,8/11/2010,323.6
OMXPI,8/10/2010,332.05
OMXPI,8/9/2010,335.17
OMXPI,8/6/2010,332.71
OMXPI,8/5/2010,335.37
OMXPI,8/4/2010,334.07
OMXPI,8/3/2010,334.58
OMXPI,8/2/2010,334.68
OMXPI,7/30/2010,327.09
OMXPI,7/29/2010,327.4
OMXPI,7/28/2010,328.05
OMXPI,7/27/2010,329.95
OMXPI,7/26/2010,329.91
OMXPI,7/23/2010,328.79
OMXPI,7/22/2010,330.32
OMXPI,7/21/2010,323.75
OMXPI,7/20/2010,319.31
OMXPI,7/19/2010,320.91
OMXPI,7/16/2010,321.46
OMXPI,7/15/2010,327.54
OMXPI,7/14/2010,330.11
OMXPI,7/13/2010,329.55
OMXPI,7/12/2010,320.85
OMXPI,7/9/2010,320.17
OMXPI,7/8/2010,316.14
OMXPI,7/7/2010,317.61
OMXPI,7/6/2010,314.21
OMXPI,7/5/2010,305.63
OMXPI,7/2/2010,306.15
OMXPI,7/1/2010,305.38
OMXPI,6/30/2010,312.96
OMXPI,6/29/2010,309.84
OMXPI,6/28/2010,319.99
OMXPI,6/24/2010,318.77
OMXPI,6/23/2010,326.59
OMXPI,6/22/2010,329.81
OMXPI,6/21/2010,330.08
OMXPI,6/18/2010,328.06
OMXPI,6/17/2010,325.77
OMXPI,6/16/2010,325.66
OMXPI,6/15/2010,325.98
OMXPI,6/14/2010,322.79
OMXPI,6/11/2010,318.05
OMXPI,6/10/2010,318.3
OMXPI,6/9/2010,311.84
OMXPI,6/8/2010,304.64
OMXPI,6/7/2010,306.6
OMXPI,6/4/2010,310.43
OMXPI,6/3/2010,315.83
OMXPI,6/2/2010,310.89
OMXPI,6/1/2010,308.52
OMXPI,5/31/2010,308.41
OMXPI,5/28/2010,307.79
OMXPI,5/27/2010,307.55
OMXPI,5/26/2010,300.46
OMXPI,5/25/2010,292.66
OMXPI,5/24/2010,300.09
OMXPI,5/21/2010,300.03
OMXPI,5/20/2010,298.12
OMXPI,5/19/2010,305.17
OMXPI,5/18/2010,314.53
OMXPI,5/17/2010,311.61
OMXPI,5/14/2010,310.62
OMXPI,5/12/2010,317.62
OMXPI,5/11/2010,312.1
OMXPI,5/10/2010,315.66
OMXPI,5/7/2010,296.94
OMXPI,5/6/2010,308.16
OMXPI,5/5/2010,315.78
OMXPI,5/4/2010,325.02
OMXPI,5/3/2010,334.36
OMXPI,4/30/2010,332.95
OMXPI,4/29/2010,333.93
OMXPI,4/28/2010,327.94
OMXPI,4/27/2010,329.39
OMXPI,4/26/2010,337.54
OMXPI,4/23/2010,336.97
OMXPI,4/22/2010,328.73
OMXPI,4/21/2010,330.58
OMXPI,4/20/2010,334.6
OMXPI,4/19/2010,330.36
OMXPI,4/16/2010,332.96
OMXPI,4/15/2010,334.24
OMXPI,4/14/2010,333.93
OMXPI,4/13/2010,332.84
OMXPI,4/12/2010,333.56
OMXPI,4/9/2010,332.61
OMXPI,4/8/2010,330.12
OMXPI,4/7/2010,331.7
OMXPI,4/6/2010,332.52
OMXPI,4/1/2010,329.27
OMXPI,3/31/2010,324.48
OMXPI,3/30/2010,325.21
OMXPI,3/29/2010,326.16
OMXPI,3/26/2010,326.18
OMXPI,3/25/2010,327.28
OMXPI,3/24/2010,325.42
OMXPI,3/23/2010,326.28
OMXPI,3/22/2010,323.71
OMXPI,3/19/2010,322.66
OMXPI,3/18/2010,322.19
OMXPI,3/17/2010,324.27
OMXPI,3/16/2010,322.65
OMXPI,3/15/2010,320.47
OMXPI,3/12/2010,321.58
OMXPI,3/11/2010,318.58
OMXPI,3/10/2010,319.39
OMXPI,3/9/2010,315.89
OMXPI,3/8/2010,316.54
OMXPI,3/5/2010,315
OMXPI,3/4/2010,311.11
OMXPI,3/3/2010,310.24
OMXPI,3/2/2010,307.42
OMXPI,3/1/2010,305.29
OMXPI,2/26/2010,299.65
OMXPI,2/25/2010,297.37
OMXPI,2/24/2010,299.13
OMXPI,2/23/2010,298.63
OMXPI,2/22/2010,301.96
OMXPI,2/19/2010,302.47
OMXPI,2/18/2010,299.33
OMXPI,2/17/2010,298.23
OMXPI,2/16/2010,295.08
OMXPI,2/15/2010,291.74
OMXPI,2/12/2010,294.67
OMXPI,2/11/2010,298.7
OMXPI,2/10/2010,296.47
OMXPI,2/9/2010,298.52
OMXPI,2/8/2010,296.96
OMXPI,2/5/2010,297.2
OMXPI,2/4/2010,301.07
OMXPI,2/3/2010,307.12
OMXPI,2/2/2010,307.45
OMXPI,2/1/2010,305.71
OMXPI,1/29/2010,301.62
OMXPI,1/28/2010,297.09
OMXPI,1/27/2010,299.91
OMXPI,1/26/2010,298.84
OMXPI,1/25/2010,300.53
OMXPI,1/22/2010,301.32
OMXPI,1/21/2010,302.81
OMXPI,1/20/2010,304.44
OMXPI,1/19/2010,309.75
OMXPI,1/18/2010,308.7
OMXPI,1/15/2010,307.2
OMXPI,1/14/2010,309.79
OMXPI,1/13/2010,307.89
OMXPI,1/12/2010,306.53
OMXPI,1/11/2010,309.57
OMXPI,1/8/2010,308.34
OMXPI,1/7/2010,306.15
OMXPI,1/5/2010,305.66
OMXPI,1/4/2010,304.03
OMXPI,12/30/2009,299.5
OMXPI,12/29/2009,302.63
OMXPI,12/28/2009,302.1
OMXPI,12/23/2009,301.06
OMXPI,12/22/2009,300.76
OMXPI,12/21/2009,297.55
OMXPI,12/18/2009,294.34
OMXPI,12/17/2009,297.09
OMXPI,12/16/2009,300.47
OMXPI,12/15/2009,297.78
OMXPI,12/14/2009,299.86
OMXPI,12/11/2009,298.63
OMXPI,12/10/2009,297.86
OMXPI,12/9/2009,297.17
OMXPI,12/8/2009,300.02
OMXPI,12/7/2009,303.33